Subbasin ID,HRU ID,Cell Count,HRU Area (m²),HRU Area (acres),SWAT ID,MUKEY ID,Slope Class
1,1,1863,186300,46.04,43,286240,2
1,2,1314,131400,32.47,43,286240,1
1,3,43,4300,1.06,43,286233,1
1,4,98,9800,2.42,43,286228,2
1,6,1701,170100,42.03,43,286228,4
1,11,139,13900,3.43,43,286250,3
1,12,62,6200,1.53,43,286233,2
1,14,3409,340900,84.24,43,286226,1
1,15,142,14200,3.51,43,286250,4
1,16,151,15100,3.73,43,286250,2
1,17,7403,740300,182.93,43,286226,2
1,18,83,8300,2.05,43,286250,1
1,19,178,17800,4.4,43,286228,3
1,20,1921,192100,47.47,43,286240,3
1,23,7815,781500,193.11,43,286226,4
1,24,7652,765200,189.08,43,286226,3
1,25,1574,157400,38.89,43,286227,2
1,26,2974,297400,73.49,43,286240,4
1,27,2620,262000,64.74,43,286227,3
1,29,5351,535100,132.23,43,286227,4
1,32,206,20600,5.09,33,286226,3
1,34,128,12800,3.16,43,286262,1
1,35,50,5000,1.24,53,286309,1
1,36,214,21400,5.29,33,286226,2
1,41,4551,455100,112.46,43,286284,1
1,42,2700,270000,66.72,43,286284,2
1,43,44,4400,1.09,91,286262,1
1,46,2055,205500,50.78,43,286284,3
1,47,517,51700,12.78,43,286227,1
1,48,165,16500,4.08,91,286284,1
1,53,173,17300,4.27,33,286226,4
1,54,106,10600,2.62,33,286226,1
1,55,2256,225600,55.75,43,286284,4
1,57,883,88300,21.82,43,286296,3
1,58,439,43900,10.85,43,286296,1
1,59,735,73500,18.16,43,286296,2
1,60,78,7800,1.93,43,286244,1
1,61,1226,122600,30.3,43,286296,4
1,62,86,8600,2.13,33,286227,4
1,63,84,8400,2.08,43,286244,3
1,64,79,7900,1.95,33,286227,3
1,65,102,10200,2.52,43,286244,2
1,66,988,98800,24.41,43,286254,1
1,67,1876,187600,46.36,43,286254,2
1,68,129,12900,3.19,20,286254,3
1,69,96,9600,2.37,20,286254,4
1,70,100,10000,2.47,20,286254,1
1,71,150,15000,3.71,20,286254,2
1,72,1569,156900,38.77,43,286254,3
1,80,72,7200,1.78,43,286264,3
1,82,1302,130200,32.17,43,286254,4
1,86,165,16500,4.08,43,286264,2
1,88,412,41200,10.18,41,286254,4
1,89,3765,376500,93.04,41,286227,4
1,90,209,20900,5.16,43,286264,1
1,93,83,8300,2.05,53,286254,2
1,94,627,62700,15.49,41,286254,2
1,98,130,13000,3.21,53,286254,3
1,101,609,60900,15.05,41,286254,3
1,105,48,4800,1.19,53,286226,2
1,106,112,11200,2.77,21,286254,1
1,108,56,5600,1.38,33,286255,3
1,109,48,4800,1.19,33,286255,2
1,111,503,50300,12.43,41,286255,4
1,112,239,23900,5.91,41,286255,3
1,113,105,10500,2.59,41,286255,2
1,114,1762,176200,43.54,41,286227,3
1,115,52,5200,1.28,53,286226,1
1,116,626,62600,15.47,20,286226,2
1,117,547,54700,13.52,20,286226,3
1,118,59,5900,1.46,33,286255,4
1,119,243,24300,6.0,41,286254,1
1,120,582,58200,14.38,20,286226,1
1,121,166,16600,4.1,21,286254,2
1,122,325,32500,8.03,41,286307,2
1,123,696,69600,17.2,41,286227,2
1,124,190,19000,4.69,41,286227,1
1,127,194,19400,4.79,41,286307,3
1,134,46,4600,1.14,19,286227,3
1,138,46,4600,1.14,71,286254,2
1,140,126,12600,3.11,21,286254,3
1,143,153,15300,3.78,41,286307,1
1,150,1509,150900,37.29,41,286226,3
1,151,1033,103300,25.53,41,286226,2
1,154,46,4600,1.14,19,286254,3
1,156,326,32600,8.06,41,286226,1
1,158,2140,214000,52.88,41,286284,2
1,159,1467,146700,36.25,41,286284,3
1,160,1250,125000,30.89,41,286226,4
1,164,1682,168200,41.56,41,286284,1
1,165,59,5900,1.46,41,286307,4
1,166,430,43000,10.63,21,286226,2
1,167,329,32900,8.13,21,286226,3
1,168,315,31500,7.78,21,286226,1
1,175,957,95700,23.65,41,286284,4
1,183,893,89300,22.07,43,286214,3
1,186,715,71500,17.67,43,286214,2
1,187,295,29500,7.29,43,286214,1
1,188,152,15200,3.76,21,286226,4
1,196,1109,110900,27.4,43,286214,4
1,199,94,9400,2.32,55,286226,4
1,215,55,5500,1.36,43,2519931,3
1,217,590,59000,14.58,43,2519931,1
1,218,180,18000,4.45,43,2519931,2
1,224,76,7600,1.88,41,286305,3
1,227,107,10700,2.64,41,286305,2
1,228,99,9900,2.45,41,286305,1
1,234,925,92500,22.86,91,2519931,1
1,242,92,9200,2.27,41,286225,2
1,245,175,17500,4.32,41,286225,3
1,250,413,41300,10.21,41,286225,4
1,253,85,8500,2.1,43,286225,1
1,256,423,42300,10.45,41,286229,4
1,257,489,48900,12.08,43,286225,3
1,258,241,24100,5.96,43,286225,2
1,263,230,23000,5.68,41,286229,3
1,264,1155,115500,28.54,43,286225,4
1,265,96,9600,2.37,41,286229,2
1,266,84,8400,2.08,20,286225,4
1,267,99,9900,2.45,20,286225,3
1,269,80,8000,1.98,20,286225,2
1,271,50,5000,1.24,20,286225,1
1,284,255,25500,6.3,43,286229,2
1,287,931,93100,23.01,43,286212,3
1,288,810,81000,20.02,43,286212,2
1,289,67,6700,1.66,43,286229,1
1,290,646,64600,15.96,43,286229,3
1,291,329,32900,8.13,41,286296,3
1,298,423,42300,10.45,41,286296,4
1,301,429,42900,10.6,43,286212,1
1,302,1184,118400,29.26,43,286229,4
1,305,74,7400,1.83,19,286226,3
1,313,93,9300,2.3,19,286226,2
1,314,98,9800,2.42,41,286297,3
1,320,79,7900,1.95,43,286313,2
1,322,51,5100,1.26,19,286226,4
1,323,88,8800,2.17,19,286226,1
1,324,96,9600,2.37,41,286297,2
1,326,110,11000,2.72,43,286313,1
1,330,188,18800,4.65,20,286227,4
1,331,47,4700,1.16,20,286296,4
1,344,94,9400,2.32,20,286227,3
1,345,66,6600,1.63,21,286214,1
1,355,60,6000,1.48,43,286241,1
1,359,102,10200,2.52,21,286214,2
1,360,154,15400,3.81,21,286214,3
1,365,91,9100,2.25,43,286241,3
1,367,393,39300,9.71,20,286226,4
1,368,53,5300,1.31,21,286214,4
1,373,365,36500,9.02,43,286241,4
1,392,64,6400,1.58,43,286241,2
1,395,604,60400,14.93,43,286212,4
1,397,98,9800,2.42,21,286212,2
1,405,67,6700,1.66,21,286212,3
1,409,51,5100,1.26,21,286212,4
1,411,51,5100,1.26,21,286212,1
1,412,350,35000,8.65,43,286234,3
1,417,327,32700,8.08,43,286234,2
1,419,129,12900,3.19,82,286233,1
1,420,66,6600,1.63,82,286233,2
1,423,365,36500,9.02,43,286234,4
1,424,139,13900,3.43,43,286234,1
1,430,50,5000,1.24,82,286234,2
1,431,54,5400,1.33,82,286227,2
1,437,50,5000,1.24,19,286212,3
1,439,535,53500,13.22,43,2519932,3
1,442,605,60500,14.95,43,2519932,4
1,443,757,75700,18.71,43,2519932,2
1,444,2724,272400,67.31,43,2519932,1
1,447,795,79500,19.64,43,286255,4
1,448,489,48900,12.08,43,286255,3
1,449,76,7600,1.88,43,286255,1
1,450,392,39200,9.69,43,286255,2
1,456,150,15000,3.71,43,286307,4
1,457,186,18600,4.6,82,2399595,1
1,458,127,12700,3.14,82,2399595,2
1,459,223,22300,5.51,43,286307,2
1,460,220,22000,5.44,43,286307,3
1,461,243,24300,6.0,43,286307,1
1,473,108,10800,2.67,82,286262,1
1,474,66,6600,1.63,82,286262,2
1,478,67,6700,1.66,11,286284,1
1,480,249,24900,6.15,43,286256,4
1,493,213,21300,5.26,43,286298,2
1,494,185,18500,4.57,43,286298,1
1,496,177,17700,4.37,43,286298,3
1,498,125,12500,3.09,21,286227,2
1,501,252,25200,6.23,21,286227,4
1,502,148,14800,3.66,21,286227,3
1,504,309,30900,7.64,43,286298,4
1,507,50,5000,1.24,21,286227,1
1,509,220,22000,5.44,41,286296,2
1,521,98,9800,2.42,41,2519932,1
1,590,306,30600,7.56,43,286311,2
1,591,311,31100,7.68,43,286311,1
1,607,56,5600,1.38,20,286311,2
1,611,56,5600,1.38,43,286311,3
1,620,75,7500,1.85,41,286240,3
1,621,109,10900,2.69,41,286240,4
1,635,44,4400,1.09,41,286296,1
1,656,80,8000,1.98,41,286244,4
1,658,47,4700,1.16,41,286295,3
1,659,89,8900,2.2,41,286295,2
1,674,108,10800,2.67,43,286223,1
1,678,179,17900,4.42,43,286223,2
1,679,56,5600,1.38,41,286223,2
1,681,191,19100,4.72,43,286223,3
1,683,138,13800,3.41,43,286223,4
1,694,99,9900,2.45,82,286223,2
1,695,82,8200,2.03,82,286295,1
1,696,53,5300,1.31,82,286295,2
1,707,320,32000,7.91,43,286288,1
1,708,48,4800,1.19,82,286223,3
1,713,245,24500,6.05,43,286288,2
1,718,119,11900,2.94,82,286252,2
1,722,113,11300,2.79,82,286252,1
1,731,205,20500,5.07,43,286288,3
1,735,233,23300,5.76,43,286244,4
1,740,56,5600,1.38,19,286264,1
1,742,43,4300,1.06,19,286264,2
1,747,153,15300,3.78,43,286288,4
1,757,612,61200,15.12,43,286222,4
1,765,450,45000,11.12,43,286222,3
1,778,570,57000,14.08,43,286222,2
1,779,48,4800,1.19,20,286244,2
1,780,41,4100,1.01,20,286244,3
1,782,108,10800,2.67,43,286310,4
1,783,139,13900,3.43,43,286310,3
1,786,109,10900,2.69,43,286310,2
1,790,45,4500,1.11,43,286310,1
1,791,447,44700,11.05,43,286222,1
1,802,275,27500,6.8,81,286226,2
1,804,74,7400,1.83,81,286226,3
1,890,202,20200,4.99,43,286221,4
1,894,79,7900,1.95,43,286221,3
1,902,43,4300,1.06,43,286204,3
1,917,64,6400,1.58,81,286264,1
1,920,399,39900,9.86,41,286311,1
1,922,114,11400,2.82,81,286264,3
1,923,103,10300,2.55,81,286264,2
1,950,55,5500,1.36,41,286221,4
1,966,110,11000,2.72,41,286311,2
1,968,58,5800,1.43,81,286229,3
1,971,48,4800,1.19,41,286311,3
1,978,53,5300,1.31,43,286283,3
1,981,739,73900,18.26,43,286283,1
1,985,129,12900,3.19,43,286283,2
1,1010,43,4300,1.06,82,286223,1
1,1016,42,4200,1.04,20,286311,4
1,1052,46,4600,1.14,20,286284,3
1,1055,50,5000,1.24,43,286293,1
1,1058,61,6100,1.51,20,286284,2
1,1112,42,4200,1.04,81,286225,2
1,1118,76,7600,1.88,81,286225,3
1,1130,113,11300,2.79,81,286225,4
1,1137,262,26200,6.47,11,286303,1
1,1140,204,20400,5.04,81,286226,1
1,1159,108,10800,2.67,81,286298,2
1,1161,44,4400,1.09,43,286208,3
1,1165,50,5000,1.24,81,286298,4
1,1166,83,8300,2.05,81,286298,3
1,1179,63,6300,1.56,33,286227,2
1,1195,74,7400,1.83,43,286304,2
1,1196,75,7500,1.85,43,286304,1
1,1200,97,9700,2.4,81,286298,1
1,1202,67,6700,1.66,81,286234,2
1,1203,163,16300,4.03,81,286254,2
1,1211,42,4200,1.04,81,286234,1
1,1213,64,6400,1.58,81,286240,2
1,1216,41,4100,1.01,81,286234,3
1,1221,64,6400,1.58,81,286240,3
1,1222,62,6200,1.53,43,286304,4
1,1232,43,4300,1.06,81,286240,4
1,1250,56,5600,1.38,81,286254,3
1,1254,89,8900,2.2,33,286225,4
1,1271,81,8100,2.0,33,286212,3
1,1274,74,7400,1.83,81,286242,2
1,1275,148,14800,3.66,81,286242,3
1,1276,142,14200,3.51,81,286242,4
1,1281,120,12000,2.97,41,286212,4
1,1282,222,22200,5.49,41,286212,3
1,1283,216,21600,5.34,41,286212,2
1,1287,45,4500,1.11,33,286212,2
1,1302,82,8200,2.03,33,286211,4
1,1313,69,6900,1.71,33,286211,3
1,1321,99,9900,2.45,33,286211,2
1,1329,65,6500,1.61,33,286211,1
1,1335,43,4300,1.06,43,286211,4
1,1336,72,7200,1.78,43,286211,2
1,1337,88,8800,2.17,43,286211,3
1,1340,79,7900,1.95,81,286254,1
1,1346,89,8900,2.2,81,286233,2
1,1347,43,4300,1.06,81,286233,1
1,1356,179,17900,4.42,41,286211,2
1,1358,120,12000,2.97,19,286240,4
1,1363,109,10900,2.69,41,286211,1
1,1364,99,9900,2.45,41,286211,3
1,1366,128,12800,3.16,20,286223,2
1,1367,120,12000,2.97,20,286223,3
1,1368,77,7700,1.9,20,286223,4
1,1369,52,5200,1.28,19,286240,3
1,1465,42,4200,1.04,19,286240,2
1,1490,43,4300,1.06,41,286210,1
1,1493,105,10500,2.59,81,286250,4
1,1504,55,5500,1.36,41,286250,4
1,1515,54,5400,1.33,82,286210,2
1,1516,131,13100,3.24,82,286210,1
1,1519,47,4700,1.16,20,286223,1
1,1522,54,5400,1.33,41,286250,3
1,1540,335,33500,8.28,81,286250,3
1,1569,82,8200,2.03,82,286253,2
1,1587,62,6200,1.53,82,286307,2
1,1610,73,7300,1.8,82,286307,1
1,1612,290,29000,7.17,81,286250,2
1,1617,71,7100,1.75,82,286211,1
1,1629,248,24800,6.13,82,286250,3
1,1630,52,5200,1.28,24,286226,1
1,1645,41,4100,1.01,24,286226,2
1,1657,102,10200,2.52,24,286306,3
1,1658,44,4400,1.09,24,286211,4
1,1663,103,10300,2.55,81,286250,1
1,1683,53,5300,1.31,24,286306,2
1,1686,210,21000,5.19,82,286250,2
1,1689,50,5000,1.24,21,286250,4
1,1701,56,5600,1.38,21,286223,2
1,1702,63,6300,1.56,21,286223,3
1,1714,51,5100,1.26,21,286223,1
1,1810,70,7000,1.73,41,286306,3
1,1822,113,11300,2.79,41,286306,2
1,1837,65,6500,1.61,82,286250,1
1,1869,102,10200,2.52,20,286306,2
1,1887,58,5800,1.43,81,286293,1
1,1979,293,29300,7.24,43,286287,1
1,1988,109,10900,2.69,43,286287,2
1,1989,67,6700,1.66,43,286287,3
1,1998,46,4600,1.14,43,286295,1
1,2157,115,11500,2.84,20,286240,4
1,2158,84,8400,2.08,20,286240,3
1,2168,75,7500,1.85,20,286240,2
1,2189,43,4300,1.06,20,286222,1
1,2357,231,23100,5.71,43,286213,2
1,2363,101,10100,2.5,43,286213,3
1,2390,83,8300,2.05,43,286213,1
1,2404,158,15800,3.9,21,286210,2
1,2405,56,5600,1.38,43,286210,3
1,2417,374,37400,9.24,43,286210,2
1,2418,186,18600,4.6,21,286210,1
1,2419,242,24200,5.98,43,286210,1
1,2453,58,5800,1.43,19,286213,2
2,169,128,12800,3.16,41,286227,2
2,170,191,19100,4.72,41,286227,3
2,171,478,47800,11.81,41,286255,3
2,172,531,53100,13.12,41,286255,4
2,173,64,6400,1.58,21,286226,1
2,174,535,53500,13.22,41,286227,4
2,176,694,69400,17.15,43,286226,1
2,177,1081,108100,26.71,43,286226,2
2,178,445,44500,11.0,43,286227,3
2,179,904,90400,22.34,43,286227,4
2,180,185,18500,4.57,41,286255,2
2,181,570,57000,14.08,43,286226,3
2,185,1437,143700,35.51,41,286214,4
2,189,63,6300,1.56,21,286226,2
2,191,41,4100,1.01,21,286226,3
2,193,776,77600,19.18,41,286214,1
2,194,1264,126400,31.23,41,286214,2
2,195,1093,109300,27.01,41,286214,3
2,198,171,17100,4.23,43,286226,4
2,207,237,23700,5.86,43,286214,3
2,208,195,19500,4.82,43,286214,4
2,209,237,23700,5.86,43,286227,2
2,210,212,21200,5.24,43,286214,2
2,212,215,21500,5.31,43,286254,2
2,213,51,5100,1.26,41,286227,1
2,214,453,45300,11.19,41,286254,1
2,216,582,58200,14.38,41,286226,3
2,219,181,18100,4.47,43,286254,1
2,220,564,56400,13.94,41,286226,1
2,221,928,92800,22.93,41,286226,2
2,222,1122,112200,27.73,41,286307,2
2,223,838,83800,20.71,41,286307,1
2,226,268,26800,6.62,43,286214,1
2,229,61,6100,1.51,43,286227,1
2,230,768,76800,18.98,41,286254,2
2,231,194,19400,4.79,43,286307,1
2,233,155,15500,3.83,41,286254,3
2,235,843,84300,20.83,41,286307,3
2,238,198,19800,4.89,43,286307,2
2,240,1443,144300,35.66,41,2519932,1
2,241,249,24900,6.15,41,2519932,2
2,244,444,44400,10.97,41,286307,4
2,247,120,12000,2.97,41,2519932,3
2,248,115,11500,2.84,43,286307,3
2,251,41,4100,1.01,43,286254,3
2,252,45,4500,1.11,43,286307,4
2,254,55,5500,1.36,43,286225,2
2,255,46,4600,1.14,41,2519932,4
2,260,72,7200,1.78,43,286225,3
2,261,68,6800,1.68,43,286225,4
2,262,433,43300,10.7,41,286226,4
2,273,1622,162200,40.08,41,286212,2
2,274,1358,135800,33.56,41,286212,3
2,275,718,71800,17.74,41,286212,4
2,276,2266,226600,55.99,41,286284,2
2,278,1312,131200,32.42,41,286212,1
2,279,643,64300,15.89,41,286284,4
2,280,1267,126700,31.31,41,286284,3
2,281,900,90000,22.24,41,286225,4
2,283,3221,322100,79.59,41,286284,1
2,286,612,61200,15.12,41,286225,3
2,293,463,46300,11.44,41,286225,2
2,294,43,4300,1.06,25,286212,2
2,341,369,36900,9.12,43,286284,3
2,347,51,5100,1.26,20,286307,3
2,348,132,13200,3.26,20,286307,2
2,351,612,61200,15.12,43,286284,2
2,387,124,12400,3.06,19,286226,2
2,388,106,10600,2.62,19,286226,1
2,390,43,4300,1.06,41,286296,3
2,391,93,9300,2.3,41,286296,2
2,394,86,8600,2.13,41,286296,1
2,400,46,4600,1.14,19,286226,3
2,401,53,5300,1.31,20,286307,1
2,467,111,11100,2.74,41,286228,2
2,468,218,21800,5.39,41,286228,3
2,469,954,95400,23.57,41,286228,4
2,490,299,29900,7.39,41,286225,1
2,497,93,9300,2.3,20,286226,2
2,500,124,12400,3.06,20,286226,1
2,510,45,4500,1.11,43,286213,2
2,516,47,4700,1.16,43,286213,3
2,517,57,5700,1.41,20,286213,2
2,518,60,6000,1.48,20,286213,3
2,524,835,83500,20.63,43,286284,1
2,526,1107,110700,27.35,43,286212,2
2,527,716,71600,17.69,43,286212,1
2,529,42,4200,1.04,41,286213,3
2,531,808,80800,19.97,43,286212,3
2,535,44,4400,1.09,41,286213,2
2,536,251,25100,6.2,43,286212,4
2,537,228,22800,5.63,43,286255,4
2,538,112,11200,2.77,43,286255,3
2,541,57,5700,1.41,81,286226,1
2,544,51,5100,1.26,81,286226,2
2,546,52,5200,1.28,81,286213,3
2,547,62,6200,1.53,20,286213,1
2,548,219,21900,5.41,41,286229,3
2,549,259,25900,6.4,41,286229,2
2,550,258,25800,6.38,41,286229,4
2,554,47,4700,1.16,19,286213,3
2,556,377,37700,9.32,43,286256,3
2,557,412,41200,10.18,43,286256,4
2,558,682,68200,16.85,41,286305,2
2,559,632,63200,15.62,41,286305,1
2,560,131,13100,3.24,41,286229,1
2,561,248,24800,6.13,43,286256,2
2,562,115,11500,2.84,43,286256,1
2,565,156,15600,3.85,43,286305,1
2,566,91,9100,2.25,43,286305,2
2,568,128,12800,3.16,20,286305,1
2,572,675,67500,16.68,41,286256,4
2,573,94,9400,2.32,82,286305,1
2,580,588,58800,14.53,41,286256,2
2,586,314,31400,7.76,43,286284,4
2,587,786,78600,19.42,41,286256,3
2,592,776,77600,19.18,43,286311,1
2,597,161,16100,3.98,20,286311,1
2,599,314,31400,7.76,41,286256,1
2,600,394,39400,9.74,41,286311,1
2,602,397,39700,9.81,43,286311,2
2,614,207,20700,5.12,43,286280,1
2,616,375,37500,9.27,41,286305,3
2,619,54,5400,1.33,20,286280,1
2,624,256,25600,6.33,43,286280,2
2,625,50,5000,1.24,43,286297,3
2,627,44,4400,1.09,20,286280,2
2,628,48,4800,1.19,43,286297,2
2,631,46,4600,1.14,43,286297,1
2,633,768,76800,18.98,41,286297,1
2,636,1256,125600,31.04,41,286297,2
2,637,299,29900,7.39,41,286297,4
2,638,781,78100,19.3,41,286297,3
2,639,290,29000,7.17,43,286228,4
2,642,54,5400,1.33,43,286280,3
2,649,91,9100,2.25,43,286228,1
2,651,144,14400,3.56,43,286228,2
2,652,190,19000,4.69,43,286228,3
2,654,50,5000,1.24,41,286280,2
2,655,60,6000,1.48,41,286280,1
2,675,245,24500,6.05,43,286229,3
2,680,184,18400,4.55,43,286229,2
2,688,114,11400,2.82,43,286296,3
2,691,174,17400,4.3,43,286296,4
2,692,136,13600,3.36,43,286296,2
2,697,57,5700,1.41,19,286296,3
2,698,148,14800,3.66,43,286296,1
2,705,54,5400,1.33,19,286296,2
2,710,223,22300,5.51,43,286312,2
2,711,74,7400,1.83,19,286296,1
2,714,93,9300,2.3,43,286312,1
2,734,86,8600,2.13,81,286284,1
2,744,485,48500,11.98,43,286264,1
2,748,844,84400,20.86,43,286264,2
2,752,150,15000,3.71,41,286305,4
2,761,263,26300,6.5,41,286304,3
2,766,614,61400,15.17,41,286304,2
2,767,1117,111700,27.6,41,286304,1
2,772,221,22100,5.46,91,286284,1
2,788,74,7400,1.83,43,286223,2
2,789,96,9600,2.37,43,286223,3
2,803,58,5800,1.43,81,286305,2
2,806,52,5200,1.28,43,286223,4
2,807,94,9400,2.32,41,286304,4
2,811,68,6800,1.68,81,286305,1
2,816,160,16000,3.95,43,286304,1
2,817,91,9100,2.25,43,286304,2
2,828,53,5300,1.31,41,286294,3
2,836,50,5000,1.24,43,286265,2
2,838,47,4700,1.16,41,286294,2
2,849,185,18500,4.57,81,286265,2
2,853,55,5500,1.36,43,286294,3
2,859,105,10500,2.59,43,286294,2
2,866,58,5800,1.43,20,286305,2
2,868,49,4900,1.21,81,286265,1
2,869,91,9100,2.25,43,286294,1
2,874,52,5200,1.28,81,286265,3
2,905,193,19300,4.77,41,286311,2
2,987,268,26800,6.62,43,286311,3
2,1003,160,16000,3.95,43,286311,4
2,1028,320,32000,7.91,43,286308,2
2,1029,1100,110000,27.18,41,286308,2
2,1030,879,87900,21.72,41,286308,3
2,1038,523,52300,12.92,41,286308,4
2,1039,780,78000,19.27,41,286308,1
2,1042,236,23600,5.83,43,286308,1
2,1048,316,31600,7.81,43,286252,1
2,1049,100,10000,2.47,43,286252,2
2,1056,123,12300,3.04,43,286264,4
2,1059,572,57200,14.13,43,286264,3
2,1061,278,27800,6.87,43,286308,3
2,1063,97,9700,2.4,21,286252,1
2,1067,41,4100,1.01,21,286252,2
2,1080,127,12700,3.14,43,286308,4
2,1106,377,37700,9.32,41,286252,1
2,1132,131,13100,3.24,41,286252,2
2,1175,109,10900,2.69,20,286252,1
2,1186,168,16800,4.15,20,286252,2
2,1197,53,5300,1.31,53,286305,1
2,1198,84,8400,2.08,20,286252,3
2,1238,51,5100,1.26,41,286264,3
2,1262,89,8900,2.2,81,286252,2
2,1265,86,8600,2.13,81,286252,1
2,1278,89,8900,2.2,41,286264,2
2,1306,115,11500,2.84,81,286307,1
2,1307,44,4400,1.09,81,286307,3
2,1315,152,15200,3.76,81,286307,2
2,1316,234,23400,5.78,11,286303,1
2,1350,46,4600,1.14,20,286229,2
2,1372,68,6800,1.68,20,286229,3
2,1494,186,18600,4.6,21,286229,4
2,1495,239,23900,5.91,21,286229,3
2,1523,393,39300,9.71,43,286229,4
2,1524,272,27200,6.72,21,286229,2
2,1559,142,14200,3.51,21,286229,1
2,1579,42,4200,1.04,41,286293,1
2,1604,60,6000,1.48,81,286293,1
2,1635,43,4300,1.06,81,286293,3
2,1817,50,5000,1.24,21,286256,2
2,1992,44,4400,1.09,41,286234,3
2,2001,184,18400,4.55,55,286234,3
2,2003,262,26200,6.47,55,286234,2
2,2019,66,6600,1.63,55,286288,1
2,2020,68,6800,1.68,55,286288,2
2,2042,128,12800,3.16,55,286234,1
2,2137,49,4900,1.21,55,286209,3
2,2160,43,4300,1.06,55,286209,2
3,581,805,80500,19.89,41,286212,1
3,588,93,9300,2.3,43,286212,1
3,596,740,74000,18.29,41,286307,1
3,634,190,19000,4.69,41,286212,2
3,641,414,41400,10.23,41,286254,1
3,643,937,93700,23.15,41,286307,2
3,644,2034,203400,50.26,41,286284,2
3,645,2788,278800,68.89,41,286284,1
3,646,208,20800,5.14,41,286254,2
3,647,248,24800,6.13,41,286307,3
3,650,734,73400,18.14,41,286284,3
3,653,792,79200,19.57,41,286256,1
3,671,788,78800,19.47,41,286256,2
3,676,88,8800,2.17,41,286254,3
3,677,80,8000,1.98,41,286254,4
3,690,246,24600,6.08,41,286284,4
3,699,1920,192000,47.44,41,286308,1
3,700,98,9800,2.42,71,286254,2
3,724,95,9500,2.35,71,286308,2
3,725,894,89400,22.09,41,286308,3
3,726,378,37800,9.34,41,286308,4
3,729,2327,232700,57.5,41,286308,2
3,808,41,4100,1.01,53,286308,3
3,818,455,45500,11.24,41,286256,3
3,819,189,18900,4.67,21,286308,2
3,821,329,32900,8.13,41,286256,4
3,822,129,12900,3.19,21,286308,1
3,823,106,10600,2.62,21,286308,3
3,826,314,31400,7.76,41,286298,1
3,830,194,19400,4.79,41,286298,2
3,842,147,14700,3.63,21,286284,2
3,843,66,6600,1.63,21,286284,3
3,857,293,29300,7.24,41,286297,3
3,861,774,77400,19.13,41,286297,2
3,862,176,17600,4.35,20,286297,3
3,867,367,36700,9.07,20,286297,2
3,871,481,48100,11.89,41,286297,1
3,872,351,35100,8.67,20,286297,1
3,884,104,10400,2.57,21,286256,3
3,885,157,15700,3.88,21,286256,1
3,886,69,6900,1.71,20,286284,2
3,888,237,23700,5.86,21,286256,2
3,892,84,8400,2.08,20,286284,1
3,898,368,36800,9.09,41,286305,2
3,908,323,32300,7.98,41,286305,1
3,925,102,10200,2.52,21,286305,1
3,929,168,16800,4.15,41,286305,3
3,930,218,21800,5.39,82,286305,1
3,931,99,9900,2.45,82,286305,2
3,940,81,8100,2.0,21,286305,2
3,942,45,4500,1.11,21,286297,2
3,964,89,8900,2.2,21,286284,1
3,997,654,65400,16.16,41,286289,1
3,998,576,57600,14.23,41,286289,2
3,999,1803,180300,44.55,41,286304,1
3,1000,227,22700,5.61,41,286304,3
3,1004,742,74200,18.34,41,286304,2
3,1005,451,45100,11.14,41,286296,2
3,1006,261,26100,6.45,41,286296,3
3,1008,138,13800,3.41,41,286296,1
3,1011,68,6800,1.68,43,286296,1
3,1014,373,37300,9.22,21,286296,2
3,1015,167,16700,4.13,21,286296,1
3,1017,170,17000,4.2,21,286296,3
3,1018,153,15300,3.78,43,286296,2
3,1019,87,8700,2.15,41,286289,3
3,1024,300,30000,7.41,82,286298,1
3,1025,103,10300,2.55,82,286298,2
3,1027,64,6400,1.58,43,286296,3
3,1034,43,4300,1.06,21,286296,4
3,1050,137,13700,3.39,41,286296,4
3,1057,43,4300,1.06,82,286304,1
3,1066,77,7700,1.9,20,286305,2
3,1069,56,5600,1.38,20,286305,1
3,1070,44,4400,1.09,20,286305,3
3,1084,51,5100,1.26,11,286304,1
3,1101,62,6200,1.53,20,286298,3
3,1104,263,26300,6.5,20,286298,2
3,1107,434,43400,10.72,20,286298,1
3,1109,53,5300,1.31,20,286304,2
3,1119,52,5200,1.28,20,286304,1
3,1218,69,6900,1.71,43,286304,2
3,1266,44,4400,1.09,81,286212,2
3,1270,303,30300,7.49,43,286304,1
3,1318,80,8000,1.98,81,286307,1
3,1319,187,18700,4.62,81,286307,2
3,1374,57,5700,1.41,41,286307,4
3,1386,56,5600,1.38,43,286297,3
3,1395,109,10900,2.69,43,286297,2
3,1401,48,4800,1.19,43,286229,2
3,1480,48,4800,1.19,41,286297,4
3,1668,144,14400,3.56,41,286209,2
3,1669,325,32500,8.03,41,286209,1
3,1670,78,7800,1.93,81,286209,1
3,1671,46,4600,1.14,81,286209,2
3,1692,49,4900,1.21,41,286209,3
3,1704,76,7600,1.88,43,286209,1
3,1705,382,38200,9.44,82,286209,2
3,1723,41,4100,1.01,43,286209,2
3,1724,1549,154900,38.28,82,286209,1
3,1789,41,4100,1.01,43,286307,1
3,1803,44,4400,1.09,82,286209,3
3,1841,60,6000,1.48,23,286297,3
3,1842,114,11400,2.82,23,286297,2
3,1843,45,4500,1.11,23,286297,1
3,1853,163,16300,4.03,41,286212,3
3,1954,89,8900,2.2,21,286209,1
3,1961,62,6200,1.53,21,286209,2
3,1972,101,10100,2.5,82,286256,1
3,1973,44,4400,1.09,82,286256,2
3,1995,78,7800,1.93,41,286212,4
3,2022,113,11300,2.79,82,286208,2
3,2033,814,81400,20.11,82,286208,1
3,2045,276,27600,6.82,91,2519931,1
3,2064,73,7300,1.8,91,286208,1
3,2111,42,4200,1.04,41,2519931,1
3,2132,49,4900,1.21,20,286209,1
3,2133,96,9600,2.37,11,286303,1
3,2141,79,7900,1.95,21,286313,1
3,2148,192,19200,4.74,41,286313,2
3,2172,110,11000,2.72,41,286313,3
3,2196,101,10100,2.5,21,286210,2
3,2200,106,10600,2.62,43,286210,2
3,2207,93,9300,2.3,43,286210,1
3,2213,132,13200,3.26,61,286209,1
3,2214,48,4800,1.19,20,286208,1
3,2220,199,19900,4.92,43,286212,2
3,2229,43,4300,1.06,43,286212,3
3,2239,113,11300,2.79,43,286208,1
3,2244,49,4900,1.21,43,286208,2
3,2268,79,7900,1.95,61,286289,1
3,2270,1875,187500,46.33,61,286208,1
3,2278,125,12500,3.09,43,286313,1
3,2293,261,26100,6.45,61,286208,2
3,2302,43,4300,1.06,19,286209,2
3,2311,91,9100,2.25,19,286209,1
3,2325,214,21400,5.29,22,286210,2
3,2326,224,22400,5.54,22,286210,1
3,2340,57,5700,1.41,22,286210,3
3,2385,214,21400,5.29,22,286212,2
3,2395,384,38400,9.49,22,286313,1
3,2396,123,12300,3.04,22,286212,3
3,2397,103,10300,2.55,22,286212,1
3,2411,100,10000,2.47,41,286313,1
3,2467,57,5700,1.41,41,286208,1
3,2503,47,4700,1.16,22,286212,4
3,2511,75,7500,1.85,22,286279,1
3,2518,182,18200,4.5,22,286313,2
3,2519,79,7900,1.95,33,286208,1
3,2554,113,11300,2.79,22,286313,3
3,2640,87,8700,2.15,41,286313,4
3,2643,83,8300,2.05,22,286208,2
3,2659,171,17100,4.23,22,286208,1
3,2819,69,6900,1.71,41,286282,2
3,2859,111,11100,2.74,41,286282,1
4,2358,205,20500,5.07,41,286254,2
4,2364,108,10800,2.67,41,286254,1
4,2381,61,6100,1.51,41,286226,1
4,2382,136,13600,3.36,41,286226,2
4,2391,156,15600,3.85,41,286254,3
4,2392,123,12300,3.04,41,286226,3
4,2393,74,7400,1.83,41,286226,4
4,2406,73,7300,1.8,20,286226,3
4,2407,46,4600,1.14,20,286226,1
4,2420,46,4600,1.14,20,286226,4
4,2440,120,12000,2.97,20,286226,2
4,2445,998,99800,24.66,43,286226,3
4,2446,1426,142600,35.24,43,286226,2
4,2447,871,87100,21.52,43,286226,1
4,2462,248,24800,6.13,43,286226,4
4,2488,43,4300,1.06,19,286226,2
4,2569,45,4500,1.11,43,286229,2
4,2617,134,13400,3.31,21,286226,2
4,2618,87,8700,2.15,21,286226,1
4,2638,70,7000,1.73,21,286226,3
4,2665,293,29300,7.24,43,286254,1
4,2666,446,44600,11.02,43,286254,2
4,2702,64,6400,1.58,43,286269,1
4,2703,1568,156800,38.75,43,286240,2
4,2713,62,6200,1.53,43,286269,2
4,2714,347,34700,8.57,43,286254,3
4,2716,1168,116800,28.86,43,286240,3
4,2721,60,6000,1.48,43,286269,3
4,2722,967,96700,23.9,43,286240,4
4,2731,128,12800,3.16,43,286269,4
4,2734,152,15200,3.76,20,286254,2
4,2735,71,7100,1.75,20,286254,3
4,2741,49,4900,1.21,20,286254,1
4,2748,1336,133600,33.01,43,286240,1
4,2752,47,4700,1.16,53,286269,4
4,2754,92,9200,2.27,20,286240,2
4,2760,47,4700,1.16,53,286269,2
4,2761,41,4100,1.01,20,286269,4
4,2762,51,5100,1.26,20,286240,3
4,2763,80,8000,1.98,43,286241,2
4,2764,52,5200,1.28,20,286269,3
4,2773,55,5500,1.36,43,286241,1
4,2774,79,7900,1.95,43,286241,3
4,2775,256,25600,6.33,43,286241,4
4,2817,85,8500,2.1,33,286269,1
4,2826,141,14100,3.48,43,286284,1
4,2834,127,12700,3.14,43,286284,2
4,2835,87,8700,2.15,43,286284,3
4,2846,52,5200,1.28,43,286284,4
4,2879,129,12900,3.19,20,286240,1
4,2897,135,13500,3.34,43,286204,3
4,2905,142,14200,3.51,81,286204,2
4,2906,70,7000,1.73,81,286240,3
4,2918,72,7200,1.78,81,286204,1
4,2919,67,6700,1.66,81,286240,4
4,2928,43,4300,1.06,71,286240,4
4,2935,329,32900,8.13,43,286204,2
4,2936,62,6200,1.53,81,286240,2
4,2963,160,16000,3.95,43,286254,4
4,2965,729,72900,18.01,43,286204,1
4,2969,92,9200,2.27,33,286254,4
4,2998,232,23200,5.73,43,286242,2
4,2999,80,8000,1.98,81,286240,1
4,3017,156,15600,3.85,43,286242,3
4,3026,70,7000,1.73,43,286249,4
4,3027,526,52600,13.0,43,286249,1
4,3035,189,18900,4.67,43,286242,1
4,3036,54,5400,1.33,43,286249,3
4,3041,178,17800,4.4,43,286242,4
4,3042,169,16900,4.18,43,286249,2
4,3049,102,10200,2.52,43,286212,1
4,3050,66,6600,1.63,43,286212,2
4,3054,68,6800,1.68,81,286310,2
4,3064,174,17400,4.3,21,286310,1
4,3065,80,8000,1.98,21,286310,2
4,3067,1803,180300,44.55,43,286310,1
4,3068,1148,114800,28.37,43,286310,2
4,3069,170,17000,4.2,81,286310,1
4,3081,607,60700,15.0,43,286310,4
4,3083,49,4900,1.21,20,286310,1
4,3084,715,71500,17.67,43,286310,3
4,3112,196,19600,4.84,41,286284,1
4,3114,55,5500,1.36,41,286284,3
4,3117,118,11800,2.92,43,286288,4
4,3118,92,9200,2.27,43,286288,3
4,3119,581,58100,14.36,43,286288,1
4,3125,132,13200,3.26,43,286288,2
4,3128,88,8800,2.17,41,286254,4
4,3129,128,12800,3.16,41,286284,2
4,3130,43,4300,1.06,21,286242,3
4,3131,47,4700,1.16,21,286242,1
4,3133,56,5600,1.38,21,286242,2
4,3139,365,36500,9.02,41,286288,1
4,3147,372,37200,9.19,82,286310,1
4,3154,111,11100,2.74,21,286254,2
4,3155,63,6300,1.56,21,286254,3
4,3159,168,16800,4.15,82,286310,2
4,3168,88,8800,2.17,41,2519932,1
4,3171,146,14600,3.61,43,2519932,1
4,3173,55,5500,1.36,41,286212,2
4,3174,58,5800,1.43,21,286254,1
4,3359,64,6400,1.58,82,286310,3
4,3360,93,9300,2.3,43,2519931,3
4,3361,100,10000,2.47,43,2519931,2
4,3369,212,21200,5.24,43,2519931,1
4,3408,1643,164300,40.6,41,2519931,1
4,3706,142,14200,3.51,91,2519931,1
5,916,328,32800,8.11,20,286226,1
5,926,290,29000,7.17,41,286226,1
5,932,803,80300,19.84,41,286226,3
5,933,673,67300,16.63,41,286226,4
5,934,715,71500,17.67,41,286226,2
5,935,577,57700,14.26,20,286226,2
5,944,72,7200,1.78,41,286296,2
5,945,1825,182500,45.1,43,286226,1
5,947,1635,163500,40.4,41,286284,2
5,948,1636,163600,40.43,41,286284,1
5,949,3491,349100,86.26,43,286226,2
5,961,2752,275200,68.0,43,286226,3
5,967,57,5700,1.41,41,286296,3
5,970,1550,155000,38.3,43,286226,4
5,972,794,79400,19.62,41,286284,3
5,973,50,5000,1.24,21,286226,4
5,974,139,13900,3.43,21,286226,2
5,977,113,11300,2.79,21,286226,3
5,993,524,52400,12.95,41,286284,4
5,995,75,7500,1.85,21,286226,1
5,1009,413,41300,10.21,20,286226,3
5,1012,236,23600,5.83,20,286226,4
5,1013,684,68400,16.9,43,286284,2
5,1035,84,8400,2.08,20,286284,4
5,1036,923,92300,22.81,43,286284,1
5,1040,87,8700,2.15,20,286284,3
5,1060,350,35000,8.65,43,286284,4
5,1062,506,50600,12.5,43,286284,3
5,1085,329,32900,8.13,43,286227,2
5,1087,76,7600,1.88,20,286284,2
5,1088,195,19500,4.82,43,286227,1
5,1089,477,47700,11.79,43,286227,3
5,1090,853,85300,21.08,43,286227,4
5,1095,63,6300,1.56,21,286227,3
5,1096,67,6700,1.66,21,286227,2
5,1103,115,11500,2.84,41,286227,1
5,1111,63,6300,1.56,21,286227,4
5,1117,320,32000,7.91,41,286227,2
5,1122,389,38900,9.61,41,286227,3
5,1124,794,79400,19.62,41,286227,4
5,1207,52,5200,1.28,20,286227,2
5,1212,88,8800,2.17,20,286227,3
5,1219,74,7400,1.83,41,286255,3
5,1220,70,7000,1.73,41,286255,2
5,1227,100,10000,2.47,41,286255,4
5,1243,101,10100,2.5,33,286255,4
5,1253,102,10200,2.52,33,286255,3
5,1263,54,5400,1.33,33,286255,2
5,1309,106,10600,2.62,20,286227,4
5,1310,222,22200,5.49,41,286244,4
5,1311,75,7500,1.85,41,286244,3
5,1312,75,7500,1.85,33,286244,2
5,1334,76,7600,1.88,33,286244,3
5,1344,127,12700,3.14,41,286212,4
5,1351,42,4200,1.04,21,286212,3
5,1352,88,8800,2.17,21,286212,2
5,1353,45,4500,1.11,21,286212,1
5,1362,141,14100,3.48,33,286244,4
5,1376,157,15700,3.88,41,286212,3
5,1387,122,12200,3.01,41,286212,2
5,1397,47,4700,1.16,43,286255,3
5,1398,80,8000,1.98,43,286255,4
5,1435,554,55400,13.69,43,286254,2
5,1436,430,43000,10.63,43,286254,3
5,1437,264,26400,6.52,43,286254,4
5,1462,88,8800,2.17,41,286212,1
5,1463,90,9000,2.22,41,286244,2
5,1469,248,24800,6.13,43,286254,1
5,1470,239,23900,5.91,41,286254,3
5,1483,47,4700,1.16,20,286212,3
5,1485,45,4500,1.11,41,286211,2
5,1499,98,9800,2.42,41,286254,4
5,1510,120,12000,2.97,43,286244,2
5,1529,84,8400,2.08,43,286244,1
5,1530,122,12200,3.01,43,286244,3
5,1532,70,7000,1.73,25,286270,4
5,1533,46,4600,1.14,25,286270,3
5,1552,54,5400,1.33,25,286270,2
5,1565,253,25300,6.25,43,286244,4
5,1606,61,6100,1.51,53,286244,4
5,1651,218,21800,5.39,43,2519932,1
5,1652,73,7300,1.8,43,2519932,2
5,1655,91,9100,2.25,41,2519932,2
5,1678,421,42100,10.4,41,2519932,1
5,1679,60,6000,1.48,41,286210,1
5,1710,142,14200,3.51,41,286223,3
5,1749,53,5300,1.31,19,286223,2
5,1768,93,9300,2.3,41,286223,4
5,1783,142,14200,3.51,41,286223,2
5,1793,66,6600,1.63,41,286223,1
5,1866,631,63100,15.59,43,286223,2
5,1867,571,57100,14.11,43,286223,3
5,1868,138,13800,3.41,43,286223,4
5,1883,192,19200,4.74,20,286223,2
5,1884,86,8600,2.13,20,286223,1
5,1885,209,20900,5.16,20,286223,3
5,1917,61,6100,1.51,20,286210,1
5,1939,151,15100,3.73,43,286210,1
5,1940,176,17600,4.35,43,286210,2
5,1965,75,7500,1.85,43,286210,3
5,2013,153,15300,3.78,43,286223,1
5,2027,158,15800,3.9,81,286223,2
5,2065,97,9700,2.4,81,286223,3
5,2076,49,4900,1.21,43,286296,3
5,2114,396,39600,9.79,41,286254,2
5,2142,412,41200,10.18,41,286254,1
5,2143,995,99500,24.59,43,286224,4
5,2165,329,32900,8.13,43,286224,3
5,2201,161,16100,3.98,43,286222,1
5,2202,43,4300,1.06,43,286222,3
5,2221,266,26600,6.57,43,286222,2
5,2318,67,6700,1.66,33,286269,4
5,2319,48,4800,1.19,41,286224,4
5,2351,234,23400,5.78,43,286212,1
5,2356,346,34600,8.55,43,286212,2
5,2379,78,7800,1.93,11,286284,1
5,2380,177,17700,4.37,43,286212,3
5,2423,863,86300,21.33,43,286228,4
5,2522,55,5500,1.36,43,286213,3
5,2532,45,4500,1.11,43,286213,4
5,2538,54,5400,1.33,41,286305,1
5,2541,183,18300,4.52,43,286211,2
5,2542,143,14300,3.53,43,286211,3
5,2567,71,7100,1.75,41,286213,4
5,2585,58,5800,1.43,21,286210,1
5,2594,46,4600,1.14,43,286211,4
5,2599,43,4300,1.06,43,286294,1
5,2600,54,5400,1.33,43,286211,1
5,2604,69,6900,1.71,43,286228,3
5,2616,59,5900,1.46,21,286210,2
5,2644,136,13600,3.36,43,286303,1
5,2645,265,26500,6.55,91,286303,1
5,2646,43,4300,1.06,33,286226,2
5,2647,178,17800,4.4,21,286254,2
5,2661,91,9100,2.25,21,286254,1
5,2673,70,7000,1.73,21,286254,3
5,2699,97,9700,2.4,19,286226,3
5,2700,103,10300,2.55,19,286226,2
5,2710,109,10900,2.69,91,286284,1
5,2711,49,4900,1.21,19,286226,1
5,2728,54,5400,1.33,19,286226,4
5,2759,62,6200,1.53,43,286240,4
5,2781,42,4200,1.04,20,286254,3
5,2788,58,5800,1.43,20,286254,2
5,2856,526,52600,13.0,11,286303,1
5,2862,73,7300,1.8,41,286228,4
5,2977,59,5900,1.46,41,286222,2
6,1396,214,21400,5.29,20,286226,2
6,1403,1524,152400,37.66,41,286226,2
6,1416,54,5400,1.33,20,286227,2
6,1418,1075,107500,26.56,41,286226,3
6,1419,575,57500,14.21,41,286226,4
6,1431,898,89800,22.19,41,286226,1
6,1432,138,13800,3.41,20,286226,4
6,1451,91,9100,2.25,41,286227,2
6,1461,207,20700,5.12,41,286227,3
6,1481,82,8200,2.03,20,286226,1
6,1497,219,21900,5.41,41,286227,4
6,1528,269,26900,6.65,41,286288,2
6,1562,42,4200,1.04,41,286288,4
6,1564,461,46100,11.39,41,286288,1
6,1582,94,9400,2.32,41,286288,3
6,1595,101,10100,2.5,43,286288,1
6,1596,123,12300,3.04,43,286288,2
6,1648,55,5500,1.36,43,286288,3
6,1673,270,27000,6.67,43,2519932,1
6,1674,228,22800,5.63,43,2519932,2
6,1675,174,17400,4.3,43,2519932,3
6,1677,246,24600,6.08,41,286282,1
6,1694,70,7000,1.73,41,286282,2
6,1706,754,75400,18.63,43,286234,3
6,1725,931,93100,23.01,43,286234,2
6,1726,62,6200,1.53,41,286301,1
6,1727,51,5100,1.26,21,286227,4
6,1739,612,61200,15.12,43,286234,1
6,1741,50,5000,1.24,21,286227,3
6,1756,1587,158700,39.22,43,286214,2
6,1757,3324,332400,82.14,43,286226,3
6,1758,195,19500,4.82,43,286228,3
6,1759,320,32000,7.91,41,286228,4
6,1760,615,61500,15.2,43,286228,4
6,1761,397,39700,9.81,43,286234,4
6,1763,804,80400,19.87,43,286227,4
6,1775,912,91200,22.54,43,286214,1
6,1776,1345,134500,33.24,43,286214,3
6,1777,1463,146300,36.15,43,286226,4
6,1778,122,12200,3.01,91,286282,1
6,1779,958,95800,23.67,43,286227,3
6,1790,249,24900,6.15,43,286266,1
6,1792,548,54800,13.54,43,286227,2
6,1804,893,89300,22.07,43,286266,2
6,1805,277,27700,6.84,41,286214,3
6,1806,1023,102300,25.28,43,286214,4
6,1819,142,14200,3.51,41,286214,4
6,1820,3977,397700,98.27,43,286226,2
6,1827,300,30000,7.41,41,286214,2
6,1855,1319,131900,32.59,41,2519932,1
6,1881,586,58600,14.48,43,286266,3
6,1890,61,6100,1.51,19,286214,2
6,1893,354,35400,8.75,41,2519932,2
6,1894,556,55600,13.74,41,286254,1
6,1905,1110,111000,27.43,41,286254,2
6,1910,121,12100,2.99,41,286234,3
6,1911,1138,113800,28.12,43,286254,3
6,1912,1701,170100,42.03,43,286254,2
6,1913,827,82700,20.44,41,286254,3
6,1924,131,13100,3.24,41,286234,4
6,1925,143,14300,3.53,41,286234,2
6,1926,136,13600,3.36,20,286226,3
6,1927,382,38200,9.44,41,286254,4
6,1936,73,7300,1.8,20,286254,2
6,1942,151,15100,3.73,41,286234,1
6,1944,44,4400,1.09,20,286254,3
6,1945,201,20100,4.97,43,286254,4
6,1955,41,4100,1.01,20,286254,4
6,1963,79,7900,1.95,21,286266,2
6,1964,115,11500,2.84,21,286266,3
6,1977,137,13700,3.39,41,2519932,3
6,1996,276,27600,6.82,41,286296,1
6,1997,63,6300,1.56,41,286296,4
6,2024,55,5500,1.36,41,286255,2
6,2083,312,31200,7.71,81,286210,1
6,2084,173,17300,4.27,81,286210,2
6,2086,60,6000,1.48,41,286304,1
6,2087,60,6000,1.48,41,286313,1
6,2088,86,8600,2.13,41,286313,2
6,2089,58,5800,1.43,41,286266,3
6,2099,139,13900,3.43,41,286313,3
6,2100,112,11200,2.77,41,286266,2
6,2112,69,6900,1.71,41,286304,2
6,2113,314,31400,7.76,43,286266,4
6,2151,48,4800,1.19,41,286304,3
6,2154,1411,141100,34.87,43,286226,1
6,2163,59,5900,1.46,41,286252,2
6,2177,71,7100,1.75,41,286252,1
6,2178,214,21400,5.29,81,286252,1
6,2179,249,24900,6.15,81,286252,2
6,2185,113,11300,2.79,41,286214,1
6,2186,781,78100,19.3,43,286254,1
6,2227,124,12400,3.06,43,286313,3
6,2231,3194,319400,78.93,41,286284,2
6,2241,280,28000,6.92,43,286313,2
6,2242,3676,367600,90.84,41,286284,1
6,2247,115,11500,2.84,43,286313,1
6,2248,1328,132800,32.82,41,286284,3
6,2256,420,42000,10.38,41,286256,2
6,2257,448,44800,11.07,41,286256,3
6,2258,225,22500,5.56,41,286256,1
6,2271,449,44900,11.1,41,286256,4
6,2280,113,11300,2.79,41,286212,1
6,2282,68,6800,1.68,41,286308,2
6,2283,510,51000,12.6,41,286284,4
6,2294,48,4800,1.19,85,286212,1
6,2295,228,22800,5.63,41,286212,2
6,2296,337,33700,8.33,41,286212,3
6,2297,150,15000,3.71,41,286212,4
6,2298,77,7700,1.9,41,286308,3
6,2299,98,9800,2.42,41,286308,1
6,2341,647,64700,15.99,43,286222,1
6,2348,465,46500,11.49,43,286222,2
6,2360,436,43600,10.77,43,286212,2
6,2370,211,21100,5.21,43,286212,4
6,2371,313,31300,7.73,43,286212,3
6,2375,284,28400,7.02,43,286212,1
6,2400,83,8300,2.05,41,286213,2
6,2401,55,5500,1.36,41,286213,1
6,2402,209,20900,5.16,43,286222,3
6,2416,114,11400,2.82,41,286213,3
6,2422,113,11300,2.79,43,286213,2
6,2427,44,4400,1.09,43,286213,4
6,2428,120,12000,2.97,43,286213,3
6,2429,72,7200,1.78,41,286213,4
6,2433,45,4500,1.11,43,286213,1
6,2458,472,47200,11.66,43,286284,3
6,2459,108,10800,2.67,43,286284,4
6,2468,153,15300,3.78,43,286222,4
6,2483,831,83100,20.53,43,286284,1
6,2530,85,8500,2.1,21,286214,2
6,2593,74,7400,1.83,43,2519932,4
6,2597,47,4700,1.16,20,286222,2
6,2598,74,7400,1.83,20,286222,1
6,2606,555,55500,13.71,43,286229,2
6,2607,44,4400,1.09,41,286229,1
6,2608,141,14100,3.48,81,286226,2
6,2609,127,12700,3.14,81,286226,1
6,2611,60,6000,1.48,41,286229,3
6,2615,541,54100,13.37,43,286229,3
6,2634,324,32400,8.01,43,286229,1
6,2635,316,31600,7.81,43,286229,4
6,2698,62,6200,1.53,41,286229,4
6,2757,1001,100100,24.74,43,286284,2
6,2821,193,19300,4.77,41,286240,1
6,2839,86,8600,2.13,81,286240,1
6,2840,136,13600,3.36,41,286240,2
6,2841,96,9600,2.37,41,286240,3
6,2854,56,5600,1.38,81,286240,2
6,2855,43,4300,1.06,81,286240,3
6,2884,187,18700,4.62,43,286240,1
6,2895,199,19900,4.92,43,286240,2
6,2911,658,65800,16.26,43,286223,2
6,2923,271,27100,6.7,43,286223,1
6,2931,124,12400,3.06,43,286240,3
6,2940,249,24900,6.15,43,286240,4
6,2962,648,64800,16.01,43,286223,3
6,2983,210,21000,5.19,43,286223,4
6,2986,298,29800,7.36,41,286240,4
6,3010,95,9500,2.35,43,286309,2
6,3012,102,10200,2.52,43,286309,3
6,3019,244,24400,6.03,43,2399595,2
6,3020,138,13800,3.41,43,2399595,3
6,3024,163,16300,4.03,43,2399595,1
6,3034,53,5300,1.31,43,2399595,4
6,3132,380,38000,9.39,41,286296,2
6,3142,155,15500,3.83,41,286223,2
6,3145,331,33100,8.18,43,286296,2
6,3149,104,10400,2.57,43,286296,1
6,3150,81,8100,2.0,43,286227,1
6,3160,265,26500,6.55,43,286296,3
6,3163,115,11500,2.84,43,286296,4
6,3254,195,19500,4.82,41,286296,3
6,3281,49,4900,1.21,53,286226,2
6,3326,63,6300,1.56,85,286226,2
6,3347,175,17500,4.32,61,286226,2
6,3461,94,9400,2.32,41,286222,1
6,3470,56,5600,1.38,41,286222,2
6,3471,100,10000,2.47,81,286222,1
6,3478,104,10400,2.57,81,286222,2
6,3483,414,41400,10.23,81,286223,2
6,3491,109,10900,2.69,81,286223,3
6,3497,67,6700,1.66,43,286252,2
6,3499,227,22700,5.61,41,286223,3
6,3514,91,9100,2.25,41,286223,4
6,3526,43,4300,1.06,81,286223,4
6,3534,100,10000,2.47,41,286305,1
6,3551,50,5000,1.24,41,286223,1
6,3558,70,7000,1.73,81,286305,2
6,3570,47,4700,1.16,85,286226,1
6,3596,77,7700,1.9,43,286253,2
6,3597,51,5100,1.26,43,286253,3
6,3598,121,12100,2.99,81,286223,1
6,3609,44,4400,1.09,21,286223,2
6,3612,59,5900,1.46,81,286284,1
6,3616,42,4200,1.04,21,286223,1
6,3617,90,9000,2.22,81,286294,2
6,3622,98,9800,2.42,81,286294,1
6,3627,73,7300,1.8,43,286252,1
6,3641,125,12500,3.09,41,286305,2
6,3728,270,27000,6.67,41,286307,1
6,3729,126,12600,3.11,41,286307,2
6,3730,84,8400,2.08,41,286307,3
6,3731,53,5300,1.31,82,286294,1
6,3745,157,15700,3.88,82,286223,2
6,3752,62,6200,1.53,82,286223,3
6,3756,81,8100,2.0,82,286307,2
6,3797,43,4300,1.06,81,286307,1
6,3831,180,18000,4.45,82,286307,1
6,3836,160,16000,3.95,82,286223,1
6,3841,52,5200,1.28,43,286307,2
6,3883,251,25100,6.2,82,286222,1
6,3898,53,5300,1.31,85,286222,1
6,3908,80,8000,1.98,82,286222,2
6,4159,52,5200,1.28,43,286210,2
6,4200,93,9300,2.3,21,286226,2
6,4206,106,10600,2.62,21,286226,3
6,4208,48,4800,1.19,21,286226,1
6,4219,62,6200,1.53,21,286226,4
6,4239,105,10500,2.59,41,286298,2
6,4240,152,15200,3.76,41,286298,1
6,4262,75,7500,1.85,21,286212,2
6,4263,155,15500,3.83,21,286212,3
6,4278,145,14500,3.58,41,286233,1
6,4286,157,15700,3.88,41,286233,2
6,4288,246,24600,6.08,81,286298,1
6,4293,86,8600,2.13,41,286233,3
6,4300,433,43300,10.7,81,286233,1
6,4310,271,27100,6.7,41,286313,4
6,4330,46,4600,1.14,25,286223,1
6,4333,97,9700,2.4,81,286233,2
6,4342,42,4200,1.04,41,286293,1
6,4347,70,7000,1.73,41,286287,3
6,4352,374,37400,9.24,41,286287,1
6,4353,177,17700,4.37,41,286287,2
6,4405,72,7200,1.78,41,286287,4
6,4439,44,4400,1.09,21,286212,4
6,4476,67,6700,1.66,81,286287,1
6,4483,51,5100,1.26,81,286240,4
6,4530,401,40100,9.91,43,286233,1
6,4531,330,33000,8.15,82,286233,1
6,4540,94,9400,2.32,43,286265,2
6,4542,94,9400,2.32,82,286233,2
6,4545,67,6700,1.66,82,286249,1
6,4565,47,4700,1.16,82,286234,2
6,4584,67,6700,1.66,43,286265,1
6,4594,58,5800,1.43,82,286234,1
6,4596,52,5200,1.28,43,286264,1
6,4710,101,10100,2.5,41,3400380,2
6,4711,892,89200,22.04,41,3400380,1
6,4784,176,17600,4.35,43,286239,1
6,4785,117,11700,2.89,43,286233,2
6,4799,415,41500,10.25,41,286274,1
6,4810,58,5800,1.43,43,286239,2
6,4815,83,8300,2.05,41,286307,4
6,4824,53,5300,1.31,41,3400380,4
6,5047,49,4900,1.21,41,286204,1
6,5053,87,8700,2.15,43,286204,1
6,5148,64,6400,1.58,43,3400380,1
7,1041,193,19300,4.77,43,286311,1
7,1075,263,26300,6.5,43,286311,2
7,1114,91,9100,2.25,43,286311,3
7,1141,163,16300,4.03,43,286226,3
7,1144,303,30300,7.49,43,286226,2
7,1146,136,13600,3.36,43,286226,1
7,1147,61,6100,1.51,43,286226,4
7,1223,598,59800,14.78,43,286229,4
7,1224,845,84500,20.88,43,286229,3
7,1225,629,62900,15.54,43,286229,2
7,1226,144,14400,3.56,43,286264,2
7,1231,270,27000,6.67,43,286229,1
7,1236,46,4600,1.14,20,286229,3
7,1237,95,9500,2.35,43,286264,1
7,1245,221,22100,5.46,43,286223,2
7,1246,210,21000,5.19,43,286223,1
7,1251,177,17700,4.37,43,286223,3
7,1256,100,10000,2.47,43,286223,4
7,1261,60,6000,1.48,20,286229,4
7,1285,86,8600,2.13,43,286264,3
7,1359,96,9600,2.37,41,286229,3
7,1370,146,14600,3.61,41,286229,4
7,1377,107,10700,2.64,41,286227,2
7,1378,99,9900,2.45,41,286227,3
7,1382,88,8800,2.17,41,286229,2
7,1410,63,6300,1.56,41,286227,1
7,1426,153,15300,3.78,55,286223,1
7,1427,236,23600,5.83,55,286223,2
7,1476,163,16300,4.03,55,286223,3
7,1623,205,20500,5.07,41,286284,3
7,1634,113,11300,2.79,41,286284,4
7,1665,462,46200,11.42,41,286284,2
7,1666,402,40200,9.93,41,286284,1
7,1734,268,26800,6.62,41,286256,2
7,1735,122,12200,3.01,41,286256,1
7,1753,392,39200,9.69,41,286256,3
7,1772,67,6700,1.66,21,286256,2
7,1813,388,38800,9.59,41,286254,2
7,1814,205,20500,5.07,41,286254,3
7,1815,83,8300,2.05,41,286254,4
7,1849,221,22100,5.46,41,286254,1
7,1879,702,70200,17.35,41,286256,4
7,1918,63,6300,1.56,20,286256,2
7,1941,60,6000,1.48,41,286307,3
7,1968,85,8500,2.1,20,286256,3
7,1982,122,12200,3.01,41,286307,2
7,1990,42,4200,1.04,20,286256,4
7,1999,71,7100,1.75,41,286307,1
7,2106,53,5300,1.31,21,286229,2
7,2107,44,4400,1.09,21,286226,3
7,2109,162,16200,4.0,21,286313,2
7,2110,413,41300,10.21,21,286313,1
7,2116,66,6600,1.63,43,286254,1
7,2119,44,4400,1.09,21,286226,4
7,2126,442,44200,10.92,82,286313,1
7,2140,151,15100,3.73,82,286313,2
7,2219,420,42000,10.38,43,286313,2
7,2223,50,5000,1.24,91,286284,1
7,2224,211,21100,5.21,43,286284,2
7,2225,294,29400,7.26,43,286284,1
7,2235,54,5400,1.33,43,286284,3
7,2243,47,4700,1.16,55,286256,3
7,2251,59,5900,1.46,55,286256,2
7,2254,378,37800,9.34,43,286313,1
7,2277,162,16200,4.0,43,286313,3
7,2289,60,6000,1.48,55,286226,1
7,2300,122,12200,3.01,55,286209,2
7,2310,270,27000,6.67,55,286209,1
7,2314,147,14700,3.63,41,286226,4
7,2315,47,4700,1.16,55,286226,2
7,2320,137,13700,3.39,41,286226,3
7,2321,53,5300,1.31,55,286223,4
7,2323,47,4700,1.16,55,286209,3
7,2324,46,4600,1.14,55,286209,4
7,2338,572,57200,14.13,55,286234,1
7,2344,104,10400,2.57,43,286234,3
7,2345,112,11200,2.77,43,286234,2
7,2346,496,49600,12.26,55,286234,2
7,2352,123,12300,3.04,43,286234,4
7,2353,361,36100,8.92,55,286234,3
7,2366,56,5600,1.38,41,286226,2
7,2367,195,19500,4.82,41,286313,2
7,2368,259,25900,6.4,41,286313,1
7,2374,170,17000,4.2,43,286234,1
7,2384,48,4800,1.19,85,286313,2
7,2394,198,19800,4.89,85,286313,1
7,2408,72,7200,1.78,55,286240,3
7,2409,100,10000,2.47,55,286240,2
7,2442,134,13400,3.31,11,286303,1
7,2449,585,58500,14.46,43,286209,2
7,2451,160,16000,3.95,55,286234,4
7,2456,68,6800,1.68,41,286234,4
7,2469,503,50300,12.43,43,286209,3
7,2476,509,50900,12.58,43,286209,1
7,2478,101,10100,2.5,41,286213,4
7,2479,41,4100,1.01,41,286313,3
7,2489,55,5500,1.36,55,286233,1
7,2490,50,5000,1.24,55,286233,2
7,2491,82,8200,2.03,41,286213,3
7,2496,130,13000,3.21,41,286213,2
7,2502,79,7900,1.95,55,286282,1
7,2506,451,45100,11.14,43,286209,4
7,2510,85,8500,2.1,41,286213,1
7,2533,133,13300,3.29,43,286279,1
7,2539,298,29800,7.36,43,286213,2
7,2548,55,5500,1.36,55,286240,4
7,2549,220,22000,5.44,43,286213,1
7,2550,196,19600,4.84,43,286213,3
7,2553,203,20300,5.02,43,286279,2
7,2557,698,69800,17.25,43,286240,2
7,2564,1027,102700,25.38,43,286240,4
7,2565,104,10400,2.57,43,286213,4
7,2570,743,74300,18.36,43,286240,3
7,2580,54,5400,1.33,82,286213,1
7,2595,146,14600,3.61,43,286233,2
7,2619,111,11100,2.74,43,286287,4
7,2620,119,11900,2.94,43,286287,3
7,2621,487,48700,12.03,43,286287,1
7,2622,174,17400,4.3,43,286287,2
7,2654,708,70800,17.5,43,286240,1
7,2671,68,6800,1.68,21,286213,3
7,2675,111,11100,2.74,41,286287,1
7,2677,47,4700,1.16,21,286213,4
7,2678,128,12800,3.16,21,286264,3
7,2679,166,16600,4.1,21,286264,2
7,2685,78,7800,1.93,21,286264,1
7,2696,80,8000,1.98,41,286240,4
7,2707,53,5300,1.31,43,286233,4
7,2708,47,4700,1.16,41,286240,2
7,2717,179,17900,4.42,43,286212,3
7,2718,305,30500,7.54,43,286212,2
7,2719,41,4100,1.01,43,286222,2
7,2737,77,7700,1.9,82,286222,2
7,2745,41,4100,1.01,41,286240,3
7,2756,526,52600,13.0,43,286212,1
7,2804,193,19300,4.77,43,286239,2
7,2828,450,45000,11.12,43,286239,1
7,2829,155,15500,3.83,43,286239,3
7,2880,150,15000,3.71,43,286233,3
7,2891,166,16600,4.1,82,286233,1
7,2898,50,5000,1.24,82,286233,2
7,2920,138,13800,3.41,43,286233,1
7,2929,159,15900,3.93,82,286239,1
7,2951,182,18200,4.5,43,286269,1
7,3018,113,11300,2.79,43,286269,2
7,3032,122,12200,3.01,43,286239,4
7,3033,74,7400,1.83,20,286313,2
7,3074,100,10000,2.47,21,286279,1
7,3087,208,20800,5.14,41,286279,2
7,3088,192,19200,4.74,41,286279,1
7,3090,55,5500,1.36,43,286279,3
7,3091,76,7600,1.88,21,286279,2
7,3104,72,7200,1.78,43,286269,3
7,3105,47,4700,1.16,20,286279,1
7,3110,89,8900,2.2,81,286279,1
7,3122,57,5700,1.41,43,286269,4
7,3126,63,6300,1.56,41,286279,3
7,3140,299,29900,7.39,43,2519932,1
7,3141,99,9900,2.45,91,2519932,1
7,3180,350,35000,8.65,43,286204,2
7,3186,433,43300,10.7,43,286204,1
7,3194,81,8100,2.0,43,286204,3
7,3223,61,6100,1.51,41,286311,1
7,3226,84,8400,2.08,43,286310,3
7,3231,131,13100,3.24,43,286310,4
7,3232,113,11300,2.79,43,286310,2
7,3239,309,30900,7.64,43,286310,1
7,3250,163,16300,4.03,33,2399595,1
7,3323,108,10800,2.67,33,286204,1
7,3362,120,12000,2.97,91,2519931,1
7,3375,56,5600,1.38,43,2519931,1
7,3431,110,11000,2.72,24,286204,2
7,3444,276,27600,6.82,24,286204,1
7,3450,54,5400,1.33,24,286204,3
7,3474,49,4900,1.21,24,286240,1
7,3476,1059,105900,26.17,41,2519931,1
7,3503,762,76200,18.83,41,2519932,1
7,3556,59,5900,1.46,85,286204,2
7,3563,125,12500,3.09,85,286204,1
7,3581,41,4100,1.01,43,286301,2
7,3614,93,9300,2.3,43,286301,1
7,3633,355,35500,8.77,85,286208,1
7,3634,194,19400,4.79,43,286208,1
7,3636,56,5600,1.38,85,286208,2
7,3643,113,11300,2.79,43,286208,2
7,3654,109,10900,2.69,43,286208,3
7,3655,96,9600,2.37,43,286208,4
7,3683,44,4400,1.09,24,286208,2
7,3710,56,5600,1.38,24,286208,1
7,3714,46,4600,1.14,82,286208,3
7,3721,100,10000,2.47,82,286208,2
7,3722,444,44400,10.97,82,286208,1
7,3890,59,5900,1.46,81,286208,1
8,2551,1260,126000,31.14,43,286226,1
8,2555,272,27200,6.72,43,286294,1
8,2558,160,16000,3.95,43,286222,1
8,2559,174,17400,4.3,43,286294,2
8,2612,768,76800,18.98,43,286284,1
8,2746,172,17200,4.25,43,286222,2
8,2750,495,49500,12.23,43,286284,2
8,2785,1886,188600,46.6,43,286226,2
8,2793,187,18700,4.62,43,286284,3
8,2795,1600,160000,39.54,43,286226,4
8,2796,1745,174500,43.12,43,286226,3
8,2808,119,11900,2.94,43,286284,4
8,2809,631,63100,15.59,41,286284,3
8,2814,432,43200,10.67,41,286226,3
8,2815,221,22100,5.46,41,286226,4
8,2822,203,20300,5.02,41,286222,2
8,2823,1671,167100,41.29,41,286284,2
8,2824,734,73400,18.14,41,286226,2
8,2842,1960,196000,48.43,41,286284,1
8,2843,588,58800,14.53,41,286226,1
8,2861,56,5600,1.38,41,286222,1
8,2875,197,19700,4.87,41,286313,2
8,2876,197,19700,4.87,41,286313,1
8,2902,108,10800,2.67,43,286313,1
8,2947,158,15800,3.9,43,286313,2
8,2948,294,29400,7.26,41,286296,3
8,2988,907,90700,22.41,41,286296,2
8,3123,407,40700,10.06,41,286296,1
8,3136,285,28500,7.04,43,286296,1
8,3151,357,35700,8.82,43,286296,2
8,3176,120,12000,2.97,43,286296,3
8,3206,84,8400,2.08,41,286311,1
8,3207,61,6100,1.51,41,286311,2
8,3246,81,8100,2.0,21,286255,3
8,3247,92,9200,2.27,43,286255,3
8,3253,52,5200,1.28,21,286311,1
8,3255,194,19400,4.79,21,286255,4
8,3256,147,14700,3.63,41,286255,3
8,3265,406,40600,10.03,43,286255,4
8,3266,1246,124600,30.79,41,286255,4
8,3267,182,18200,4.5,21,286212,2
8,3268,85,8500,2.1,21,286226,2
8,3271,47,4700,1.16,21,286311,2
8,3272,681,68100,16.83,41,286212,1
8,3273,98,9800,2.42,21,286212,1
8,3275,187,18700,4.62,41,286227,1
8,3276,548,54800,13.54,41,286227,2
8,3277,842,84200,20.81,41,286227,3
8,3278,1593,159300,39.36,41,286227,4
8,3283,53,5300,1.31,21,286255,2
8,3284,118,11800,2.92,21,286226,3
8,3289,119,11900,2.94,43,286228,4
8,3290,770,77000,19.03,41,286212,2
8,3291,82,8200,2.03,21,286212,3
8,3292,46,4600,1.14,21,286226,1
8,3297,62,6200,1.53,43,286311,2
8,3306,92,9200,2.27,43,286311,1
8,3314,350,35000,8.65,41,286228,4
8,3315,275,27500,6.8,41,286212,3
8,3316,186,18600,4.6,20,286254,3
8,3321,120,12000,2.97,43,286227,2
8,3322,173,17300,4.27,20,286254,2
8,3331,53,5300,1.31,81,286210,1
8,3333,72,7200,1.78,41,286255,2
8,3334,264,26400,6.52,43,286227,4
8,3335,1079,107900,26.66,41,286254,2
8,3338,398,39800,9.83,43,286212,1
8,3339,62,6200,1.53,43,286227,1
8,3340,184,18400,4.55,43,286227,3
8,3343,805,80500,19.89,41,286254,3
8,3350,71,7100,1.75,21,286226,4
8,3351,98,9800,2.42,41,286228,3
8,3356,3133,313300,77.42,43,286254,2
8,3357,49,4900,1.21,41,286255,1
8,3358,74,7400,1.83,20,286254,4
8,3365,480,48000,11.86,41,286254,1
8,3366,1627,162700,40.2,43,286254,1
8,3371,2045,204500,50.53,43,286254,3
8,3372,207,20700,5.12,21,286254,2
8,3373,41,4100,1.01,41,286228,2
8,3377,1267,126700,31.31,43,286254,4
8,3378,150,15000,3.71,21,286254,1
8,3379,118,11800,2.92,20,286254,1
8,3382,59,5900,1.46,43,286228,3
8,3383,42,4200,1.04,81,286254,3
8,3389,189,18900,4.67,21,286254,3
8,3394,156,15600,3.85,43,286307,1
8,3401,1015,101500,25.08,41,2519932,1
8,3402,602,60200,14.88,41,286254,4
8,3404,720,72000,17.79,41,286307,1
8,3405,159,15900,3.93,43,286307,2
8,3407,163,16300,4.03,41,2519932,2
8,3412,596,59600,14.73,41,286307,2
8,3413,402,40200,9.93,43,286212,3
8,3414,137,13700,3.39,21,286254,4
8,3416,70,7000,1.73,41,2519932,3
8,3422,66,6600,1.63,41,2519932,4
8,3454,45,4500,1.11,19,286307,1
8,3456,74,7400,1.83,41,286212,4
8,3516,58,5800,1.43,41,286305,1
8,3532,2351,235100,58.09,43,286240,1
8,3533,753,75300,18.61,43,286212,2
8,3535,146,14600,3.61,41,286296,4
8,3543,229,22900,5.66,81,286226,1
8,3544,150,15000,3.71,81,286240,1
8,3545,2358,235800,58.27,43,286240,2
8,3548,196,19600,4.84,81,286240,2
8,3549,101,10100,2.5,81,286240,3
8,3550,2444,244400,60.39,43,286240,3
8,3552,196,19600,4.84,81,286226,2
8,3557,281,28100,6.94,41,286307,3
8,3561,60,6000,1.48,43,286305,2
8,3566,87,8700,2.15,81,286226,3
8,3575,84,8400,2.08,19,286226,2
8,3576,44,4400,1.09,19,286226,3
8,3582,47,4700,1.16,43,286307,3
8,3594,69,6900,1.71,19,286226,1
8,3605,87,8700,2.15,81,286240,4
8,3606,3296,329600,81.45,43,286240,4
8,3638,57,5700,1.41,81,286255,4
8,3645,110,11000,2.72,81,286212,2
8,3646,72,7200,1.78,81,286212,1
8,3647,41,4100,1.01,81,286212,3
8,3649,389,38900,9.61,41,286284,4
8,3650,230,23000,5.68,41,286282,2
8,3651,151,15100,3.73,43,286282,2
8,3652,154,15400,3.81,41,286282,3
8,3653,374,37400,9.24,43,286213,3
8,3656,700,70000,17.3,43,286208,1
8,3657,76,7600,1.88,19,286212,2
8,3659,124,12400,3.06,41,286282,4
8,3660,162,16200,4.0,43,286282,3
8,3661,479,47900,11.84,43,286213,2
8,3662,58,5800,1.43,19,286212,3
8,3664,493,49300,12.18,43,286208,2
8,3665,149,14900,3.68,43,286282,1
8,3666,302,30200,7.46,41,286282,1
8,3667,183,18300,4.52,43,286213,1
8,3680,131,13100,3.24,43,286282,4
8,3681,155,15500,3.83,43,286213,4
8,3689,102,10200,2.52,43,286212,4
8,3690,206,20600,5.09,85,286208,1
8,3691,195,19500,4.82,43,286208,3
8,3693,71,7100,1.75,85,286208,2
8,3709,374,37400,9.24,41,286213,3
8,3713,417,41700,10.3,41,286213,2
8,3718,167,16700,4.13,43,2519932,2
8,3719,110,11000,2.72,41,286213,4
8,3723,419,41900,10.35,24,286208,1
8,3725,296,29600,7.31,82,286208,2
8,3734,351,35100,8.67,43,2519932,1
8,3737,142,14200,3.51,24,286208,2
8,3738,102,10200,2.52,82,286208,3
8,3739,1676,167600,41.41,82,286208,1
8,3743,137,13700,3.39,82,286284,1
8,3748,144,14400,3.56,43,2519932,3
8,3750,166,16600,4.1,41,286208,2
8,3751,233,23300,5.76,41,286208,1
8,3759,92,9200,2.27,41,286307,4
8,3760,55,5500,1.36,24,286208,3
8,3761,61,6100,1.51,81,286282,2
8,3763,178,17800,4.4,43,2519932,4
8,3764,51,5100,1.26,91,2519932,1
8,3769,44,4400,1.09,81,286282,1
8,3789,134,13400,3.31,43,286208,4
8,3820,360,36000,8.9,41,286240,1
8,3821,1365,136500,33.73,41,286240,4
8,3824,315,31500,7.78,82,286209,1
8,3827,487,48700,12.03,41,286240,2
8,3828,587,58700,14.51,41,286240,3
8,3845,251,25100,6.2,43,286310,1
8,3851,75,7500,1.85,41,286208,3
8,3866,104,10400,2.57,81,286208,2
8,3867,431,43100,10.65,81,286208,1
8,3877,592,59200,14.63,43,286234,1
8,3878,42,4200,1.04,41,286209,1
8,3886,536,53600,13.24,43,286234,2
8,3891,45,4500,1.11,81,286208,3
8,3892,528,52800,13.05,43,286234,3
8,3893,744,74400,18.38,43,286234,4
8,3900,1390,139000,34.35,41,2519931,1
8,3923,53,5300,1.31,41,2519931,2
8,3931,66,6600,1.63,43,2519931,1
8,3949,78,7800,1.93,41,286208,4
8,3953,90,9000,2.22,41,286234,4
8,3956,65,6500,1.61,43,286310,3
8,3957,141,14100,3.48,43,286310,2
8,3958,115,11500,2.84,91,2519931,1
8,3963,70,7000,1.73,41,286234,3
8,3964,47,4700,1.16,41,286310,4
8,3970,51,5100,1.26,41,286234,2
8,3979,149,14900,3.68,81,286234,2
8,3980,269,26900,6.65,81,286234,1
8,3984,52,5200,1.28,71,286226,2
8,3989,376,37600,9.29,43,286241,4
8,3990,111,11100,2.74,43,286241,3
8,3993,227,22700,5.61,41,286213,1
8,3996,73,7300,1.8,41,286303,1
8,3997,70,7000,1.73,81,286234,3
8,4005,74,7400,1.83,43,286241,2
8,4009,95,9500,2.35,43,286241,1
8,4013,71,7100,1.75,82,286213,3
8,4015,170,17000,4.2,43,286287,4
8,4016,1287,128700,31.8,41,286287,1
8,4019,74,7400,1.83,82,286269,1
8,4022,107,10700,2.64,41,286287,3
8,4023,207,20700,5.12,41,286287,2
8,4024,46,4600,1.14,43,286310,4
8,4027,262,26200,6.47,11,286303,1
8,4028,134,13400,3.31,82,286234,2
8,4029,244,24400,6.03,82,286234,1
8,4031,308,30800,7.61,43,286287,2
8,4032,176,17600,4.35,43,286287,3
8,4034,51,5100,1.26,53,286234,3
8,4037,57,5700,1.41,53,286234,4
8,4043,54,5400,1.33,71,286234,1
8,4044,69,6900,1.71,71,286234,2
8,4045,110,11000,2.72,71,286234,3
8,4047,191,19100,4.72,41,286287,4
8,4072,767,76700,18.95,43,286287,1
8,4077,201,20100,4.97,41,286241,4
8,4081,89,8900,2.2,71,286234,4
8,4084,42,4200,1.04,55,286234,3
8,4091,185,18500,4.57,55,286234,2
8,4098,178,17800,4.4,55,286234,1
8,4103,134,13400,3.31,55,286208,1
8,4122,122,12200,3.01,82,286240,1
8,4154,161,16100,3.98,82,286233,2
8,4155,1792,179200,44.28,82,286233,1
8,4162,56,5600,1.38,43,286209,3
8,4170,349,34900,8.62,43,286233,2
8,4172,1409,140900,34.82,43,286233,1
8,4174,186,18600,4.6,43,286233,4
8,4178,202,20200,4.99,43,286233,3
8,4221,775,77500,19.15,43,286256,2
8,4222,493,49300,12.18,43,286256,1
8,4227,708,70800,17.5,43,286256,3
8,4230,414,41400,10.23,43,286256,4
8,4249,67,6700,1.66,20,286256,1
8,4250,71,7100,1.75,20,286256,3
8,4254,175,17500,4.32,43,286304,3
8,4255,108,10800,2.67,20,286256,2
8,4256,71,7100,1.75,20,286256,4
8,4264,100,10000,2.47,43,286304,4
8,4265,137,13700,3.39,43,286304,1
8,4289,213,21300,5.26,41,3400380,2
8,4296,2406,240600,59.45,41,3400380,1
8,4311,43,4300,1.06,21,286234,2
8,4326,194,19400,4.79,43,286304,2
8,4354,126,12600,3.11,81,286233,1
8,4372,543,54300,13.42,43,3400380,1
8,4378,108,10800,2.67,43,3400380,2
8,4393,86,8600,2.13,43,3400380,3
8,4428,327,32700,8.08,41,286233,1
8,4429,44,4400,1.09,41,286233,2
8,4508,83,8300,2.05,43,3400380,4
8,4533,428,42800,10.58,43,286242,4
8,4535,396,39600,9.79,43,286242,3
8,4538,208,20800,5.14,43,286242,1
8,4547,520,52000,12.85,41,286242,4
8,4548,178,17800,4.4,41,286242,3
8,4554,325,32500,8.03,43,286242,2
8,4566,93,9300,2.3,41,3400380,3
8,4570,114,11400,2.82,41,3400380,4
8,4577,170,17000,4.2,41,286242,2
8,4579,65,6500,1.61,20,286228,4
8,4630,64,6400,1.58,43,286214,4
8,4639,102,10200,2.52,43,286214,1
8,4646,120,12000,2.97,43,286214,3
8,4653,120,12000,2.97,43,286214,2
8,4703,47,4700,1.16,43,286298,1
8,4706,122,12200,3.01,91,3400380,1
8,4826,50,5000,1.24,41,286293,2
8,4827,218,21800,5.39,41,286242,1
8,4881,59,5900,1.46,41,286309,1
8,4980,172,17200,4.25,43,286239,1
8,4981,121,12100,2.99,41,286239,1
9,3744,432,43200,10.67,43,286313,1
9,3777,1119,111900,27.65,43,286313,2
9,3778,1110,111000,27.43,41,286313,2
9,3779,493,49300,12.18,41,286313,1
9,3780,730,73000,18.04,41,286313,3
9,3786,242,24200,5.98,21,286313,1
9,3791,437,43700,10.8,21,286313,2
9,3796,440,44000,10.87,43,286313,3
9,3806,287,28700,7.09,21,286313,3
9,3809,189,18900,4.67,43,286254,1
9,3818,181,18100,4.47,43,286254,2
9,3830,305,30500,7.54,43,286266,2
9,3833,71,7100,1.75,41,286266,1
9,3834,138,13800,3.41,43,286266,1
9,3835,134,13400,3.31,43,286266,3
9,3839,60,6000,1.48,43,286252,1
9,3843,214,21400,5.29,41,286266,2
9,3846,116,11600,2.87,22,286266,1
9,3847,2671,267100,66.0,43,286226,2
9,3848,1221,122100,30.17,43,286226,1
9,3849,45,4500,1.11,22,286226,1
9,3850,367,36700,9.07,21,286226,1
9,3852,93,9300,2.3,22,286266,2
9,3853,135,13500,3.34,41,286266,3
9,3854,847,84700,20.93,21,286226,2
9,3855,117,11700,2.89,43,286210,1
9,3856,121,12100,2.99,43,286210,2
9,3857,93,9300,2.3,41,286266,4
9,3862,41,4100,1.01,21,286210,1
9,3863,380,38000,9.39,43,286227,2
9,3864,92,9200,2.27,22,286226,2
9,3868,47,4700,1.16,21,286266,2
9,3870,2148,214800,53.08,43,286226,3
9,3872,124,12400,3.06,43,286227,1
9,3873,48,4800,1.19,22,286226,3
9,3874,1400,140000,34.59,43,286284,1
9,3881,743,74300,18.36,21,286226,3
9,3889,965,96500,23.85,43,286284,2
9,3894,107,10700,2.64,22,286266,3
9,3895,3070,307000,75.86,41,286226,2
9,3903,115,11500,2.84,21,286313,4
9,3904,82,8200,2.03,21,286227,2
9,3912,2601,260100,64.27,41,286226,3
9,3913,54,5400,1.33,21,286227,1
9,3917,245,24500,6.05,21,286227,3
9,3918,516,51600,12.75,21,286226,4
9,3934,4384,438400,108.33,41,286284,2
9,3935,4113,411300,101.63,41,286284,1
9,3936,299,29900,7.39,41,286313,4
9,3937,1728,172800,42.7,41,286226,1
9,3941,2192,219200,54.17,41,286284,3
9,3942,115,11500,2.84,41,286210,1
9,3943,103,10300,2.55,41,286210,2
9,3944,471,47100,11.64,41,286227,2
9,3950,1151,115100,28.44,43,286227,3
9,3951,998,99800,24.66,43,286226,4
9,3952,577,57700,14.26,43,286284,3
9,3961,185,18500,4.57,41,286227,1
9,3962,702,70200,17.35,41,286227,3
9,3967,362,36200,8.95,43,286222,1
9,3968,1881,188100,46.48,41,286226,4
9,3975,1145,114500,28.29,41,286227,4
9,3981,367,36700,9.07,43,286222,2
9,3982,111,11100,2.74,19,286226,3
9,3983,129,12900,3.19,19,286226,2
9,3998,228,22800,5.63,41,286222,2
9,3999,525,52500,12.97,41,286222,1
9,4000,45,4500,1.11,19,286226,4
9,4011,148,14800,3.66,43,286313,4
9,4020,428,42800,10.58,21,286227,4
9,4026,1854,185400,45.81,43,286227,4
9,4038,81,8100,2.0,21,286284,1
9,4039,81,8100,2.0,21,286284,3
9,4040,94,9400,2.32,21,286284,2
9,4046,1097,109700,27.11,41,286284,4
9,4053,42,4200,1.04,21,286284,4
9,4080,153,15300,3.78,43,286214,1
9,4082,200,20000,4.94,43,286214,2
9,4104,482,48200,11.91,43,286284,4
9,4114,76,7600,1.88,43,286214,3
9,4129,43,4300,1.06,41,286222,3
9,4130,671,67100,16.58,41,286312,2
9,4131,364,36400,8.99,41,286312,3
9,4132,194,19400,4.79,41,286312,1
9,4134,956,95600,23.62,41,286225,2
9,4135,376,37600,9.29,41,286225,1
9,4136,1252,125200,30.94,41,286225,3
9,4141,1150,115000,28.42,41,286225,4
9,4149,92,9200,2.27,41,286312,4
9,4152,51,5100,1.26,33,286226,3
9,4156,65,6500,1.61,33,286226,2
9,4163,150,15000,3.71,21,286222,2
9,4167,261,26100,6.45,43,286225,2
9,4168,147,14700,3.63,33,286312,2
9,4169,80,8000,1.98,43,286225,1
9,4171,87,8700,2.15,43,286222,3
9,4175,282,28200,6.97,43,286225,3
9,4176,47,4700,1.16,53,286222,1
9,4180,158,15800,3.9,43,286237,3
9,4185,237,23700,5.86,41,286237,3
9,4186,117,11700,2.89,43,286237,4
9,4188,278,27800,6.87,41,286254,2
9,4189,363,36300,8.97,41,286254,3
9,4192,279,27900,6.89,41,286254,4
9,4196,347,34700,8.57,41,286237,2
9,4201,109,10900,2.69,21,286237,2
9,4202,65,6500,1.61,21,286237,1
9,4203,95,9500,2.35,21,286237,3
9,4204,77,7700,1.9,21,286237,4
9,4205,204,20400,5.04,43,286223,2
9,4213,56,5600,1.38,21,286254,3
9,4214,214,21400,5.29,43,286254,3
9,4218,84,8400,2.08,41,286237,4
9,4224,70,7000,1.73,21,286254,2
9,4225,91,9100,2.25,43,286223,3
9,4229,130,13000,3.21,82,286223,2
9,4231,290,29000,7.17,43,286225,4
9,4232,194,19400,4.79,41,286254,1
9,4233,44,4400,1.09,21,286254,1
9,4234,156,15600,3.85,43,286237,2
9,4235,45,4500,1.11,82,286223,3
9,4236,397,39700,9.81,43,286312,2
9,4237,506,50600,12.5,41,286223,2
9,4241,102,10200,2.52,43,286312,1
9,4242,364,36400,8.99,41,286223,3
9,4243,187,18700,4.62,41,286223,1
9,4245,47,4700,1.16,21,286312,2
9,4251,125,12500,3.09,43,286254,4
9,4252,70,7000,1.73,43,286237,1
9,4253,119,11900,2.94,33,286312,1
9,4259,102,10200,2.52,41,286223,4
9,4260,414,41400,10.23,41,286296,2
9,4261,186,18600,4.6,41,286296,1
9,4266,127,12700,3.14,43,286216,2
9,4275,221,22100,5.46,41,286296,3
9,4280,349,34900,8.62,43,286216,1
9,4285,86,8600,2.13,43,286312,3
9,4302,293,29300,7.24,43,286280,1
9,4303,260,26000,6.42,41,286311,1
9,4312,179,17900,4.42,43,286280,2
9,4313,83,8300,2.05,41,286311,2
9,4318,71,7100,1.75,43,286222,4
9,4319,66,6600,1.63,33,286311,1
9,4338,43,4300,1.06,21,286216,1
9,4369,63,6300,1.56,53,286223,1
9,4380,240,24000,5.93,21,286311,2
9,4381,166,16600,4.1,21,286311,1
9,4383,500,50000,12.36,61,286223,2
9,4384,570,57000,14.08,61,286223,3
9,4385,92,9200,2.27,61,286223,4
9,4394,93,9300,2.3,61,286222,1
9,4395,99,9900,2.45,61,286223,1
9,4402,204,20400,5.04,61,286222,2
9,4407,879,87900,21.72,43,286311,2
9,4408,938,93800,23.18,43,286311,1
9,4414,276,27600,6.82,82,286312,2
9,4415,75,7500,1.85,61,286312,2
9,4419,76,7600,1.88,21,286311,3
9,4421,224,22400,5.54,41,286280,2
9,4422,105,10500,2.59,41,286280,1
9,4433,478,47800,11.81,43,286264,2
9,4437,79,7900,1.95,43,286264,3
9,4442,47,4700,1.16,81,286264,1
9,4446,886,88600,21.89,43,286264,1
9,4448,109,10900,2.69,41,286280,3
9,4458,326,32600,8.06,41,286234,3
9,4462,96,9600,2.37,41,286264,2
9,4463,365,36500,9.02,41,286234,4
9,4466,315,31500,7.78,41,286264,1
9,4469,206,20600,5.09,41,286314,2
9,4470,116,11600,2.87,41,286314,3
9,4471,73,7300,1.8,41,286314,4
9,4475,210,21000,5.19,41,286234,2
9,4487,99,9900,2.45,41,286314,1
9,4489,53,5300,1.31,33,286234,3
9,4491,116,11600,2.87,43,286311,3
9,4497,55,5500,1.36,33,286234,4
9,4501,54,5400,1.33,81,286312,2
9,4509,92,9200,2.27,43,286283,2
9,4515,85,8500,2.1,41,286234,1
9,4517,129,12900,3.19,41,286283,4
9,4518,203,20300,5.02,41,286283,3
9,4519,330,33000,8.15,41,286283,2
9,4520,105,10500,2.59,43,286283,3
9,4524,133,13300,3.29,41,286288,3
9,4525,298,29800,7.36,41,286283,1
9,4528,292,29200,7.22,41,286288,2
9,4529,136,13600,3.36,41,286240,2
9,4532,275,27500,6.8,41,286288,1
9,4558,94,9400,2.32,41,286240,3
9,4582,109,10900,2.69,41,286307,2
9,4583,93,9300,2.3,41,286307,3
9,4588,57,5700,1.41,41,286297,3
9,4589,91,9100,2.25,41,286297,2
9,4590,56,5600,1.38,41,286288,4
9,4592,75,7500,1.85,41,286307,4
9,4595,103,10300,2.55,41,286240,4
9,4598,86,8600,2.13,21,286240,3
9,4599,83,8300,2.05,21,286240,4
9,4600,49,4900,1.21,41,286297,1
9,4601,115,11500,2.84,43,286240,3
9,4603,58,5800,1.43,19,286226,1
9,4606,49,4900,1.21,81,286226,1
9,4607,202,20200,4.99,43,286240,2
9,4611,42,4200,1.04,81,286226,2
9,4612,1258,125800,31.09,43,286288,1
9,4613,96,9600,2.37,43,286288,3
9,4620,67,6700,1.66,21,286240,2
9,4627,332,33200,8.2,43,286288,2
9,4633,59,5900,1.46,41,286208,3
9,4642,173,17300,4.27,41,286208,2
9,4657,43,4300,1.06,41,286208,4
9,4661,103,10300,2.55,61,286226,3
9,4662,121,12100,2.99,61,286226,2
9,4663,60,6000,1.48,43,286265,2
9,4667,72,7200,1.78,43,286210,3
9,4669,161,16100,3.98,41,286305,2
9,4672,60,6000,1.48,43,286311,4
9,4674,203,20300,5.02,41,286305,1
9,4678,243,24300,6.0,43,286240,1
9,4680,109,10900,2.69,43,286265,3
9,4695,56,5600,1.38,71,286283,2
9,4700,174,17400,4.3,41,286208,1
9,4739,67,6700,1.66,41,286210,3
9,4761,42,4200,1.04,82,286210,1
9,4764,96,9600,2.37,41,286240,1
9,4818,649,64900,16.04,41,286212,2
9,4819,171,17100,4.23,43,286212,2
9,4820,141,14100,3.48,43,286212,3
9,4829,74,7400,1.83,43,286212,4
9,4832,196,19600,4.84,11,286303,1
9,4841,617,61700,15.25,41,286212,3
9,4843,378,37800,9.34,41,286212,1
9,4844,164,16400,4.05,43,286212,1
9,4850,271,27100,6.7,41,286212,4
9,4854,46,4600,1.14,11,286304,1
9,4858,73,7300,1.8,41,286289,2
9,4859,62,6200,1.53,41,286289,1
9,4861,74,7400,1.83,43,286304,1
9,4864,95,9500,2.35,43,286304,2
9,4954,347,34700,8.57,41,286214,2
9,4959,116,11600,2.87,41,286214,1
9,4960,140,14000,3.46,41,286214,3
9,4966,55,5500,1.36,43,286294,2
9,4967,72,7200,1.78,43,286294,1
9,4982,108,10800,2.67,41,286296,4
9,5001,46,4600,1.14,61,286296,3
9,5069,79,7900,1.95,43,286296,2
9,5075,84,8400,2.08,43,286296,3
9,5076,44,4400,1.09,43,286296,4
9,5108,140,14000,3.46,43,286296,1
9,5119,578,57800,14.28,41,286220,2
9,5124,42,4200,1.04,41,286286,2
9,5127,643,64300,15.89,41,286220,3
9,5131,82,8200,2.03,41,286286,3
9,5132,1036,103600,25.6,41,286220,4
9,5134,132,13200,3.26,41,286286,4
9,5135,240,24000,5.93,41,286220,1
9,5138,45,4500,1.11,91,286288,1
9,5147,41,4100,1.01,43,286286,4
9,5153,45,4500,1.11,43,286234,1
9,5159,114,11400,2.82,41,286213,3
9,5161,84,8400,2.08,41,286213,2
9,5162,49,4900,1.21,41,286213,4
9,5165,56,5600,1.38,43,2519932,1
9,5167,56,5600,1.38,21,286212,2
9,5168,41,4100,1.01,41,2519932,1
9,5174,103,10300,2.55,41,286308,2
9,5176,55,5500,1.36,21,286212,1
9,5180,48,4800,1.19,41,286308,1
9,5199,44,4400,1.09,43,286298,2
9,5227,66,6600,1.63,41,286282,3
9,5228,77,7700,1.9,41,286282,2
9,5231,337,33700,8.33,41,286282,1
9,5232,216,21600,5.34,43,286282,1
9,5260,127,12700,3.14,43,286265,4
9,5264,228,22800,5.63,43,286220,2
9,5265,203,20300,5.02,43,286220,3
9,5266,107,10700,2.64,43,286220,1
9,5269,155,15500,3.83,43,286220,4
9,5281,186,18600,4.6,21,286264,1
9,5337,70,7000,1.73,41,286265,4
9,5339,125,12500,3.09,43,286221,2
9,5340,162,16200,4.0,43,286221,3
9,5345,49,4900,1.21,41,286265,2
9,5357,44,4400,1.09,43,286221,1
9,5358,257,25700,6.35,43,286221,4
9,5373,41,4100,1.01,41,286221,3
9,5374,61,6100,1.51,41,286221,4
9,5386,285,28500,7.04,41,286237,1
9,5490,44,4400,1.09,21,286250,1
9,5500,50,5000,1.24,82,286250,1
9,5537,131,13100,3.24,41,3400380,1
9,5545,42,4200,1.04,41,3400380,2
9,5623,65,6500,1.61,91,3400380,1
9,5655,56,5600,1.38,82,286249,1
10,4664,42,4200,1.04,43,286264,1
10,4707,160,16000,3.95,82,286264,1
10,4716,141,14100,3.48,43,286214,1
10,4718,125,12500,3.09,82,286264,2
10,4720,300,30000,7.41,82,286265,2
10,4729,120,12000,2.97,82,286265,3
10,4733,105,10500,2.59,82,286283,2
10,4736,753,75300,18.61,43,286233,1
10,4737,203,20300,5.02,43,286214,2
10,4744,53,5300,1.31,82,286223,1
10,4746,187,18700,4.62,43,286214,3
10,4747,81,8100,2.0,20,286214,1
10,4753,890,89000,21.99,82,286223,2
10,4758,129,12900,3.19,20,286214,3
10,4759,104,10400,2.57,20,286214,2
10,4770,119,11900,2.94,61,286283,2
10,4772,506,50600,12.5,82,286223,3
10,4781,75,7500,1.85,61,286283,1
10,4794,237,23700,5.86,43,286233,2
10,4798,66,6600,1.63,82,286305,2
10,4800,72,7200,1.78,20,286214,4
10,4812,110,11000,2.72,43,286214,4
10,4816,126,12600,3.11,43,286233,3
10,4823,267,26700,6.6,82,286312,2
10,4849,159,15900,3.93,20,286233,1
10,4853,93,9300,2.3,20,286233,2
10,4875,72,7200,1.78,82,286222,3
10,4880,156,15600,3.85,82,286222,2
10,4889,85,8500,2.1,61,286222,2
10,4895,69,6900,1.71,81,286214,3
10,4896,253,25300,6.25,41,286214,4
10,4898,135,13500,3.34,41,286227,3
10,4901,47,4700,1.16,81,286214,2
10,4907,219,21900,5.41,41,286227,4
10,4918,75,7500,1.85,43,286233,4
10,4920,62,6200,1.53,41,286254,3
10,4921,92,9200,2.27,41,286254,2
10,4925,50,5000,1.24,20,286226,1
10,4928,46,4600,1.14,43,286254,2
10,4930,65,6500,1.61,43,286254,1
10,4932,87,8700,2.15,41,286242,1
10,4935,47,4700,1.16,20,286226,2
10,4940,41,4100,1.01,41,286242,3
10,4942,129,12900,3.19,43,286226,1
10,4943,247,24700,6.1,41,286214,3
10,4945,41,4100,1.01,82,286226,2
10,4946,602,60200,14.88,41,286226,3
10,4947,81,8100,2.0,41,286212,2
10,4948,224,22400,5.54,43,286226,2
10,4949,286,28600,7.07,43,286226,3
10,4952,42,4200,1.04,20,286226,3
10,4956,573,57300,14.16,41,286226,2
10,4957,289,28900,7.14,41,286212,3
10,4958,161,16100,3.98,41,286214,2
10,4962,427,42700,10.55,41,286226,4
10,4963,323,32300,7.98,41,286226,1
10,4965,50,5000,1.24,41,286214,1
10,4968,175,17500,4.32,41,286212,4
10,4975,86,8600,2.13,61,286284,2
10,4977,499,49900,12.33,43,286242,1
10,4978,62,6200,1.53,41,286254,1
10,4986,406,40600,10.03,43,286242,2
10,4987,84,8400,2.08,43,286234,3
10,4988,63,6300,1.56,43,286234,2
10,4989,53,5300,1.31,43,286234,1
10,4992,1037,103700,25.62,43,286240,1
10,4994,396,39600,9.79,43,286242,3
10,4998,50,5000,1.24,41,286234,2
10,5000,330,33000,8.15,43,286226,4
10,5003,73,7300,1.8,82,286253,2
10,5004,1316,131600,32.52,43,286240,2
10,5007,768,76800,18.98,82,286233,1
10,5012,194,19400,4.79,11,286303,1
10,5014,84,8400,2.08,82,286233,2
10,5015,46,4600,1.14,82,2399595,2
10,5019,149,14900,3.68,43,286204,2
10,5020,264,26400,6.52,43,286204,1
10,5021,99,9900,2.45,82,2399595,1
10,5023,1330,133000,32.86,43,286240,3
10,5026,79,7900,1.95,61,286253,2
10,5033,1799,179900,44.45,43,286240,4
10,5034,443,44300,10.95,43,286242,4
10,5036,62,6200,1.53,61,286253,3
10,5037,98,9800,2.42,43,286204,3
10,5041,50,5000,1.24,41,286204,1
10,5042,90,9000,2.22,41,286240,2
10,5043,155,15500,3.83,41,286240,3
10,5048,57,5700,1.41,41,286233,1
10,5050,174,17400,4.3,41,286240,4
10,5051,50,5000,1.24,41,286240,1
10,5059,245,24500,6.05,41,286225,3
10,5060,218,21800,5.39,41,286225,2
10,5061,417,41700,10.3,41,286225,4
10,5066,200,20000,4.94,19,286226,3
10,5067,221,22100,5.46,19,286226,4
10,5071,80,8000,1.98,41,286225,1
10,5074,3866,386600,95.53,43,2519931,1
10,5078,43,4300,1.06,43,286249,4
10,5079,44,4400,1.09,43,2399595,2
10,5080,274,27400,6.77,19,286226,2
10,5085,47,4700,1.16,41,286223,2
10,5087,52,5200,1.28,19,286212,3
10,5088,78,7800,1.93,43,286249,2
10,5089,182,18200,4.5,19,286226,1
10,5090,170,17000,4.2,41,286284,2
10,5091,140,14000,3.46,41,286284,1
10,5095,41,4100,1.01,19,286253,3
10,5096,49,4900,1.21,19,286253,2
10,5098,76,7600,1.88,41,286223,3
10,5101,61,6100,1.51,43,286249,3
10,5103,65,6500,1.61,43,2399595,4
10,5104,313,31300,7.73,43,2519931,2
10,5106,66,6600,1.63,19,286225,3
10,5110,245,24500,6.05,43,286249,1
10,5116,223,22300,5.51,43,2519931,3
10,5117,226,22600,5.58,43,2519931,4
10,5128,338,33800,8.35,41,286220,3
10,5129,133,13300,3.29,41,286284,3
10,5130,59,5900,1.46,43,286204,4
10,5133,252,25200,6.23,41,286220,2
10,5136,110,11000,2.72,41,286284,4
10,5137,1013,101300,25.03,41,2519931,1
10,5140,47,4700,1.16,19,286225,4
10,5144,670,67000,16.56,41,286220,4
10,5149,121,12100,2.99,43,286293,1
10,5150,266,26600,6.57,43,286293,3
10,5151,177,17700,4.37,43,286293,2
10,5156,644,64400,15.91,43,286293,4
10,5157,58,5800,1.43,41,2519931,4
10,5160,79,7900,1.95,41,286220,1
10,5173,89,8900,2.2,41,286293,4
10,5192,1008,100800,24.91,43,286288,1
10,5193,103,10300,2.55,91,286288,1
10,5195,197,19700,4.87,43,286288,4
10,5202,182,18200,4.5,43,286288,3
10,5206,66,6600,1.63,41,286310,4
10,5207,242,24200,5.98,43,286288,2
10,5213,209,20900,5.16,43,286239,2
10,5214,364,36400,8.99,43,286239,4
10,5216,45,4500,1.11,41,286310,3
10,5218,306,30600,7.56,43,286239,3
10,5219,279,27900,6.89,43,286239,1
10,5229,445,44500,11.0,43,286310,3
10,5230,332,33200,8.2,43,286310,4
10,5233,304,30400,7.51,43,286310,2
10,5234,268,26800,6.62,41,3400380,1
10,5237,269,26900,6.65,43,286310,1
10,5239,46,4600,1.14,19,286239,1
10,5241,1172,117200,28.96,43,3400380,1
10,5242,114,11400,2.82,43,3400380,2
10,5245,96,9600,2.37,19,286220,4
10,5246,84,8400,2.08,43,286225,4
10,5247,76,7600,1.88,43,3400380,4
10,5248,44,4400,1.09,19,286220,3
10,5249,53,5300,1.31,19,286220,2
10,5250,64,6400,1.58,43,286225,3
10,5251,52,5200,1.28,43,286225,2
10,5252,64,6400,1.58,43,3400380,3
10,5255,67,6700,1.66,43,286220,4
10,5256,45,4500,1.11,43,286220,3
10,5271,425,42500,10.5,91,3400380,1
10,5277,41,4100,1.01,41,286234,4
10,5278,45,4500,1.11,41,286234,1
10,5280,148,14800,3.66,43,286274,1
10,5286,89,8900,2.2,41,286234,3
10,5298,61,6100,1.51,82,286234,1
10,5300,98,9800,2.42,82,286234,2
10,5301,353,35300,8.72,43,286287,1
10,5316,51,5100,1.26,20,286234,3
10,5323,59,5900,1.46,20,286310,2
10,5325,94,9400,2.32,20,286310,3
10,5326,109,10900,2.69,43,286304,1
10,5329,46,4600,1.14,19,286240,1
10,5333,50,5000,1.24,43,286304,2
10,5365,240,24000,5.93,43,2519932,1
10,5369,61,6100,1.51,43,286241,3
10,5370,48,4800,1.19,43,2519932,2
10,5376,131,13100,3.24,43,286241,4
10,5379,49,4900,1.21,43,2519932,3
10,5399,90,9000,2.22,82,286249,1
10,5402,70,7000,1.73,43,286309,4
10,5420,69,6900,1.71,82,286250,2
10,5425,57,5700,1.41,43,286309,2
10,5426,84,8400,2.08,43,286309,1
10,5441,136,13600,3.36,82,286250,1
10,5446,62,6200,1.53,91,286303,1
10,5569,68,6800,1.68,20,286310,1
10,5586,117,11700,2.89,81,286233,1
10,5589,69,6900,1.71,81,286233,2
11,5380,145,14500,3.58,43,286264,1
11,5404,390,39000,9.64,43,286226,1
11,5415,629,62900,15.54,43,286226,2
11,5430,912,91200,22.54,43,286226,3
11,5453,819,81900,20.24,41,286227,2
11,5457,523,52300,12.92,41,286284,3
11,5458,1871,187100,46.23,41,286226,3
11,5459,1422,142200,35.14,41,286226,2
11,5460,495,49500,12.23,41,286226,1
11,5464,1733,173300,42.82,41,286227,3
11,5466,301,30100,7.44,41,286284,4
11,5467,728,72800,17.99,41,286284,2
11,5468,335,33500,8.28,21,286226,1
11,5469,2304,230400,56.93,41,286227,4
11,5471,840,84000,20.76,41,286284,1
11,5472,120,12000,2.97,41,286221,2
11,5478,152,15200,3.76,41,286221,3
11,5482,322,32200,7.96,21,286226,2
11,5483,954,95400,23.57,41,286226,4
11,5493,90,9000,2.22,43,286313,2
11,5494,101,10100,2.5,43,286313,1
11,5511,553,55300,13.66,41,286313,2
11,5512,42,4200,1.04,41,286221,1
11,5515,219,21900,5.41,41,286313,1
11,5519,342,34200,8.45,41,286313,3
11,5520,628,62800,15.52,41,286221,4
11,5533,161,16100,3.98,41,286227,1
11,5534,75,7500,1.85,41,286225,4
11,5535,66,6600,1.63,41,286225,3
11,5549,116,11600,2.87,43,286266,2
11,5555,90,9000,2.22,41,286313,4
11,5558,56,5600,1.38,43,286266,1
11,5565,392,39200,9.69,41,286266,2
11,5572,311,31100,7.68,41,286266,1
11,5573,78,7800,1.93,41,286220,2
11,5576,113,11300,2.79,41,286220,3
11,5583,233,23300,5.76,41,286220,4
11,5590,72,7200,1.78,41,286237,2
11,5591,47,4700,1.16,41,286237,3
11,5593,60,6000,1.48,21,286250,1
11,5597,79,7900,1.95,41,286204,4
11,5599,387,38700,9.56,41,286250,2
11,5603,55,5500,1.36,41,286237,1
11,5604,173,17300,4.27,41,286266,3
11,5605,117,11700,2.89,41,286204,3
11,5606,221,22100,5.46,41,286250,1
11,5611,180,18000,4.45,41,2519932,2
11,5612,107,10700,2.64,41,286266,4
11,5613,72,7200,1.78,20,286204,2
11,5614,57,5700,1.41,20,286250,1
11,5617,2632,263200,65.04,41,2519932,1
11,5618,77,7700,1.9,91,2519932,1
11,5620,208,20800,5.14,20,286204,1
11,5621,73,7300,1.8,20,286250,2
11,5624,298,29800,7.36,41,286229,2
11,5625,83,8300,2.05,41,286229,1
11,5626,105,10500,2.59,41,286204,2
11,5632,303,30300,7.49,41,286229,4
11,5633,302,30200,7.46,41,286229,3
11,5635,210,21000,5.19,41,286240,2
11,5637,153,15300,3.78,20,286240,2
11,5638,159,15900,3.93,20,286240,1
11,5642,51,5100,1.26,20,286240,3
11,5643,242,24200,5.98,41,286240,3
11,5646,585,58500,14.46,41,286240,4
11,5647,192,19200,4.74,41,286240,1
11,5649,1157,115700,28.59,11,286303,1
11,5654,62,6200,1.53,41,286249,2
11,5661,179,17900,4.42,41,286204,1
11,5662,156,15600,3.85,41,286249,1
11,5663,45,4500,1.11,41,286249,3
11,5664,48,4800,1.19,82,286249,2
11,5667,117,11700,2.89,21,286204,1
11,5670,1071,107100,26.46,82,286249,1
11,5674,51,5100,1.26,43,286229,2
11,5682,885,88500,21.87,20,286233,1
11,5685,640,64000,15.81,82,286240,1
11,5687,785,78500,19.4,43,286233,1
11,5688,312,31200,7.71,43,286233,2
11,5689,68,6800,1.68,20,286233,3
11,5691,223,22300,5.51,20,286233,2
11,5692,159,15900,3.93,82,286240,2
11,5694,288,28800,7.12,43,286310,1
11,5695,137,13700,3.39,43,286233,3
11,5696,70,7000,1.73,82,286240,3
11,5697,410,41000,10.13,91,3400380,1
11,5698,230,23000,5.68,43,286310,2
11,5699,89,8900,2.2,41,286234,1
11,5702,125,12500,3.09,91,286303,1
11,5703,73,7300,1.8,20,286310,3
11,5707,105,10500,2.59,20,286310,1
11,5708,85,8500,2.1,20,286310,2
11,5710,107,10700,2.64,41,286233,2
11,5711,46,4600,1.14,41,286233,3
11,5712,167,16700,4.13,41,286233,1
11,5713,7883,788300,194.79,82,286233,1
11,5719,119,11900,2.94,41,286234,2
11,5724,775,77500,19.15,41,286228,3
11,5726,430,43000,10.63,82,286233,2
11,5727,112,11200,2.77,43,286204,2
11,5728,1515,151500,37.44,41,286228,4
11,5730,130,13000,3.21,19,286226,1
11,5731,1221,122100,30.17,82,286234,1
11,5734,114,11400,2.82,43,286310,3
11,5735,586,58600,14.48,43,286204,1
11,5736,218,21800,5.39,19,286226,2
11,5737,67,6700,1.66,41,286234,3
11,5739,88,8800,2.17,11,286303,2
11,5743,370,37000,9.14,41,286228,2
11,5746,564,56400,13.94,82,286234,2
11,5750,80,8000,1.98,81,286226,2
11,5754,232,23200,5.73,19,286226,3
11,5755,68,6800,1.68,81,286226,3
11,5761,58,5800,1.43,11,286303,3
11,5764,80,8000,1.98,43,286240,1
11,5765,129,12900,3.19,41,286228,1
11,5768,90,9000,2.22,19,286226,4
11,5772,55,5500,1.36,19,286227,4
11,5773,49,4900,1.21,21,286233,1
11,5775,45,4500,1.11,19,286227,3
11,5778,243,24300,6.0,41,286296,3
11,5783,70,7000,1.73,20,286249,2
11,5784,43,4300,1.06,20,286249,3
11,5785,215,21500,5.31,20,286249,1
11,5787,204,20400,5.04,41,286296,2
11,5788,57,5700,1.41,82,286208,2
11,5790,184,18400,4.55,82,286208,1
11,5791,155,15500,3.83,82,286234,3
11,5792,72,7200,1.78,41,286296,4
11,5799,68,6800,1.68,41,286208,4
11,5801,51,5100,1.26,41,286208,1
11,5803,234,23400,5.78,20,286234,1
11,5805,304,30400,7.51,41,286212,4
11,5807,67,6700,1.66,20,286234,2
11,5808,237,23700,5.86,43,286227,2
11,5809,262,26200,6.47,41,286212,3
11,5810,52,5200,1.28,41,286208,3
11,5811,76,7600,1.88,41,286208,2
11,5816,52,5200,1.28,43,286227,1
11,5817,81,8100,2.0,41,286212,1
11,5818,304,30400,7.51,41,286212,2
11,5821,226,22600,5.58,41,286222,2
11,5822,654,65400,16.16,43,286227,3
11,5827,1168,116800,28.86,41,286304,1
11,5828,97,9700,2.4,41,286304,3
11,5830,152,15200,3.76,41,286293,2
11,5833,222,22200,5.49,41,286222,1
11,5836,250,25000,6.18,41,286304,2
11,5837,98,9800,2.42,41,286293,3
11,5840,1062,106200,26.24,43,286227,4
11,5843,212,21200,5.24,41,286293,1
11,5849,743,74300,18.36,82,286204,1
11,5850,85,8500,2.1,43,286240,4
11,5851,42,4200,1.04,43,286284,3
11,5854,56,5600,1.38,82,286204,2
11,5866,50,5000,1.24,20,286208,1
11,5868,108,10800,2.67,81,286304,1
11,5871,329,32900,8.13,43,286222,1
11,5872,53,5300,1.31,81,286204,1
11,5873,180,18000,4.45,43,286222,2
11,5875,438,43800,10.82,82,2399595,1
11,5881,45,4500,1.11,43,286221,4
11,5882,68,6800,1.68,21,286227,2
11,5884,76,7600,1.88,82,2399595,2
11,5887,77,7700,1.9,19,286204,1
11,5894,238,23800,5.88,81,286233,1
11,5900,50,5000,1.24,81,286241,4
11,5907,168,16800,4.15,21,286227,3
11,5908,88,8800,2.17,82,286239,2
11,5911,1093,109300,27.01,82,286239,1
11,5912,57,5700,1.41,82,286233,3
11,5915,263,26300,6.5,21,286227,4
11,5917,210,21000,5.19,43,286241,4
11,5923,52,5200,1.28,19,286227,2
11,5928,96,9600,2.37,21,286222,1
11,5930,42,4200,1.04,21,286222,2
11,5936,61,6100,1.51,21,286221,4
11,5941,496,49600,12.26,82,286262,1
11,5942,44,4400,1.09,20,286228,4
11,5944,494,49400,12.21,41,286241,4
11,5947,46,4600,1.14,43,286262,1
11,5948,358,35800,8.85,41,286262,1
11,5949,192,19200,4.74,43,286229,4
11,5951,127,12700,3.14,41,286262,2
11,5958,699,69900,17.27,43,2519932,1
11,5960,290,29000,7.17,82,286298,1
11,5962,90,9000,2.22,43,2519932,2
11,5963,43,4300,1.06,43,2519932,3
11,5975,293,29300,7.24,21,286226,3
11,5983,132,13200,3.26,21,286228,3
11,5984,144,14400,3.56,21,286228,4
11,5987,188,18800,4.65,43,286229,3
11,5988,49,4900,1.21,82,286262,2
11,5994,75,7500,1.85,21,286228,2
11,5999,359,35900,8.87,82,286293,1
11,6000,82,8200,2.03,82,286293,2
11,6001,134,13400,3.31,22,286227,4
11,6004,80,8000,1.98,41,2519932,3
11,6007,98,9800,2.42,41,2519932,4
11,6016,314,31400,7.76,41,286250,4
11,6017,180,18000,4.45,43,286296,2
11,6018,183,18300,4.52,43,286296,1
11,6020,61,6100,1.51,82,286233,4
11,6022,188,18800,4.65,82,286242,2
11,6024,46,4600,1.14,11,2519932,1
11,6025,181,18100,4.47,43,286296,3
11,6029,66,6600,1.63,43,286293,2
11,6030,45,4500,1.11,82,286242,4
11,6031,108,10800,2.67,82,286242,3
11,6036,143,14300,3.53,19,286233,1
11,6038,471,47100,11.64,41,286250,3
11,6039,429,42900,10.6,82,286250,1
11,6040,200,20000,4.94,43,286293,1
11,6041,356,35600,8.8,82,286242,1
11,6045,103,10300,2.55,43,286296,4
11,6046,135,13500,3.34,41,286287,2
11,6047,125,12500,3.09,41,286287,3
11,6048,1274,127400,31.48,41,286287,1
11,6049,137,13700,3.39,82,286250,2
11,6053,5622,562200,138.92,41,3400380,1
11,6055,48,4800,1.19,41,286287,4
11,6056,71,7100,1.75,82,286250,3
11,6060,526,52600,13.0,43,286226,4
11,6061,46,4600,1.14,43,286242,3
11,6064,122,12200,3.01,43,286250,3
11,6069,63,6300,1.56,43,286250,4
11,6074,105,10500,2.59,43,2519931,1
11,6077,99,9900,2.45,81,286242,1
11,6078,769,76900,19.0,41,2519931,1
11,6079,418,41800,10.33,43,286228,4
11,6080,121,12100,2.99,43,286250,1
11,6081,66,6600,1.63,41,286298,2
11,6083,65,6500,1.61,43,286288,2
11,6084,128,12800,3.16,43,286288,1
11,6089,52,5200,1.28,11,286288,1
11,6093,141,14100,3.48,43,286228,3
11,6095,283,28300,6.99,41,3400380,3
11,6097,95,9500,2.35,43,286287,2
11,6098,270,27000,6.67,43,286287,1
11,6100,143,14300,3.53,43,286250,2
11,6103,582,58200,14.38,41,3400380,2
11,6106,107,10700,2.64,41,3400380,4
11,6110,115,11500,2.84,41,286242,3
11,6111,115,11500,2.84,41,286242,2
11,6116,50,5000,1.24,41,2519931,2
11,6117,66,6600,1.63,41,286242,1
11,6125,279,27900,6.89,43,286304,1
11,6126,105,10500,2.59,41,286242,4
11,6128,47,4700,1.16,43,286288,3
11,6133,54,5400,1.33,43,286212,4
11,6134,279,27900,6.89,43,286212,3
11,6135,99,9900,2.45,43,286212,1
11,6138,284,28400,7.02,43,286212,2
11,6139,160,16000,3.95,41,286213,3
11,6140,83,8300,2.05,41,286213,4
11,6144,309,30900,7.64,43,3400380,1
11,6145,69,6900,1.71,43,3400380,2
11,6151,819,81900,20.24,41,286288,1
11,6152,176,17600,4.35,41,286213,2
11,6153,54,5400,1.33,41,286213,1
11,6156,48,4800,1.19,41,286288,3
11,6162,109,10900,2.69,41,286288,2
11,6168,66,6600,1.63,43,286223,2
11,6180,73,7300,1.8,21,286223,1
11,6192,73,7300,1.8,41,286310,2
11,6193,79,7900,1.95,41,286310,3
11,6194,152,15200,3.76,21,286226,4
11,6196,54,5400,1.33,82,286310,3
11,6201,70,7000,1.73,81,286222,1
11,6204,120,12000,2.97,41,286296,1
11,6208,58,5800,1.43,41,286310,1
11,6219,54,5400,1.33,41,286295,3
11,6225,54,5400,1.33,43,286223,1
11,6243,111,11100,2.74,82,286222,1
11,6245,196,19600,4.84,82,286310,2
11,6251,65,6500,1.61,43,286225,3
11,6253,61,6100,1.51,43,286294,1
11,6254,119,11900,2.94,43,286225,4
11,6258,200,20000,4.94,41,286241,2
11,6263,69,6900,1.71,55,286226,2
11,6264,218,21800,5.39,41,286241,3
11,6265,121,12100,2.99,41,286241,1
11,6266,738,73800,18.24,82,286310,1
11,6269,64,6400,1.58,55,286226,1
11,6275,47,4700,1.16,41,286254,3
11,6282,100,10000,2.47,20,286241,4
11,6289,67,6700,1.66,41,286297,3
11,6295,128,12800,3.16,43,286241,3
11,6296,93,9300,2.3,41,286297,4
11,6297,104,10400,2.57,43,286241,2
11,6303,211,21100,5.21,43,286241,1
11,6304,72,7200,1.78,55,286223,1
11,6305,62,6200,1.53,55,286223,2
11,6306,54,5400,1.33,55,3400380,3
11,6308,42,4200,1.04,55,286310,3
11,6309,76,7600,1.88,55,3400380,2
11,6310,85,8500,2.1,55,286310,2
11,6319,123,12300,3.04,55,286241,3
11,6321,173,17300,4.27,55,286241,2
11,6322,54,5400,1.33,55,286310,1
11,6323,231,23100,5.71,55,286240,2
11,6324,210,21000,5.19,55,286240,1
11,6325,179,17900,4.42,55,286241,1
11,6326,192,19200,4.74,55,286241,4
11,6327,102,10200,2.52,55,286240,3
11,6328,94,9400,2.32,55,286250,3
11,6329,62,6200,1.53,55,286240,4
11,6330,162,16200,4.0,55,286250,1
11,6331,191,19100,4.72,55,286250,2
11,6334,46,4600,1.14,41,286237,4
11,6346,64,6400,1.58,55,286309,1
11,6351,78,7800,1.93,41,286309,1
11,6354,45,4500,1.11,41,286309,2
11,6356,657,65700,16.23,55,286239,1
11,6359,93,9300,2.3,55,286239,2
11,6360,203,20300,5.02,55,286249,1
11,6361,46,4600,1.14,55,286249,2
11,6367,97,9700,2.4,55,286298,1
11,6368,44,4400,1.09,55,286233,2
11,6369,285,28500,7.04,55,286233,1
11,6374,276,27600,6.82,41,286298,1
11,6378,123,12300,3.04,19,286239,1
11,6379,131,13100,3.24,41,286239,1
11,6380,52,5200,1.28,43,286239,1
11,6385,237,23700,5.86,43,286309,1
11,6388,213,21300,5.26,82,286309,1
11,6401,155,15500,3.83,41,286282,1
11,6407,44,4400,1.09,41,286239,2
11,6412,73,7300,1.8,41,286269,2
11,6413,66,6600,1.63,41,286269,3
11,6415,168,16800,4.15,41,286269,1
11,6426,50,5000,1.24,61,286262,1
